sample_name	organism_name	accession	taxid	node_id
206548	GCF_000163895.2 Filifactor alocis ATCC 35896 strain=ATCC 35896, ASM16389v2	GCF_000163895.2	546269	Microbe:798169
206548	GCF_001808555.1 Porphyromonas sp. HMSC065F10 strain=HMSC065F10, ASM180855v1	GCF_001808555.1	1739394	Microbe:801767
206548	GCF_000162875.1 Slackia exigua ATCC 700122 strain=ATCC 700122, ASM16287v1	GCF_000162875.1	649764	Microbe:731586
206548	GCF_000973505.1 Blochmannia endosymbiont of Polyrhachis (Hedomyrma) turneri strain=675, ASM97350v1	GCF_000973505.1	1505596	Microbe:859089
206548	GCF_000163895.2 Filifactor alocis ATCC 35896 strain=ATCC 35896, ASM16389v2	GCF_000163895.2	546269	Microbe:798169
206548	GCF_001808555.1 Porphyromonas sp. HMSC065F10 strain=HMSC065F10, ASM180855v1	GCF_001808555.1	1739394	Microbe:801767
206548	GCF_000162875.1 Slackia exigua ATCC 700122 strain=ATCC 700122, ASM16287v1	GCF_000162875.1	649764	Microbe:731586
206548	GCF_000973505.1 Blochmannia endosymbiont of Polyrhachis (Hedomyrma) turneri strain=675, ASM97350v1	GCF_000973505.1	1505596	Microbe:859089
206538	GCF_000163895.2 Filifactor alocis ATCC 35896 strain=ATCC 35896, ASM16389v2	GCF_000163895.2	546269	Microbe:798169
206538	GCF_000973505.1 Blochmannia endosymbiont of Polyrhachis (Hedomyrma) turneri strain=675, ASM97350v1	GCF_000973505.1	1505596	Microbe:859089
206538	GCF_000163895.2 Filifactor alocis ATCC 35896 strain=ATCC 35896, ASM16389v2	GCF_000163895.2	546269	Microbe:798169
206538	GCF_000973505.1 Blochmannia endosymbiont of Polyrhachis (Hedomyrma) turneri strain=675, ASM97350v1	GCF_000973505.1	1505596	Microbe:859089
206628	GCF_000973505.1 Blochmannia endosymbiont of Polyrhachis (Hedomyrma) turneri strain=675, ASM97350v1	GCF_000973505.1	1505596	Microbe:859089
206628	GCF_000973505.1 Blochmannia endosymbiont of Polyrhachis (Hedomyrma) turneri strain=675, ASM97350v1	GCF_000973505.1	1505596	Microbe:859089
206603	GCF_000163895.2 Filifactor alocis ATCC 35896 strain=ATCC 35896, ASM16389v2	GCF_000163895.2	546269	Microbe:798169
206603	GCF_000973505.1 Blochmannia endosymbiont of Polyrhachis (Hedomyrma) turneri strain=675, ASM97350v1	GCF_000973505.1	1505596	Microbe:859089
206603	GCF_000163895.2 Filifactor alocis ATCC 35896 strain=ATCC 35896, ASM16389v2	GCF_000163895.2	546269	Microbe:798169
206603	GCF_000157995.1 Holdemania filiformis DSM 12042 strain=DSM 12042, ASM15799v1	GCF_000157995.1	545696	Microbe:717750
206603	GCF_000973505.1 Blochmannia endosymbiont of Polyrhachis (Hedomyrma) turneri strain=675, ASM97350v1	GCF_000973505.1	1505596	Microbe:859089
206603	GCF_000686125.1 Ruminococcus sp. NK3A76 strain=NK3A76, ASM68612v1	GCF_000686125.1	877411	Microbe:838708
206534	GCF_000163895.2 Filifactor alocis ATCC 35896 strain=ATCC 35896, ASM16389v2	GCF_000163895.2	546269	Microbe:798169
206534	GCF_000973505.1 Blochmannia endosymbiont of Polyrhachis (Hedomyrma) turneri strain=675, ASM97350v1	GCF_000973505.1	1505596	Microbe:859089
206534	GCF_000163895.2 Filifactor alocis ATCC 35896 strain=ATCC 35896, ASM16389v2	GCF_000163895.2	546269	Microbe:798169
206534	GCF_000157995.1 Holdemania filiformis DSM 12042 strain=DSM 12042, ASM15799v1	GCF_000157995.1	545696	Microbe:717750
206534	GCF_000973505.1 Blochmannia endosymbiont of Polyrhachis (Hedomyrma) turneri strain=675, ASM97350v1	GCF_000973505.1	1505596	Microbe:859089
206534	GCF_014385435.1 Alloprevotella sp. Lung230 strain=Lung230, ASM1438543v1	GCF_014385435.1	2766595	Microbe:748781
206563	GCF_000163895.2 Filifactor alocis ATCC 35896 strain=ATCC 35896, ASM16389v2	GCF_000163895.2	546269	Microbe:798169
206563	GCF_000163895.2 Filifactor alocis ATCC 35896 strain=ATCC 35896, ASM16389v2	GCF_000163895.2	546269	Microbe:798169
206563	GCF_011301715.1 Sphingomonas sp. HDW15A strain=HDW15A, ASM1130171v1	GCF_011301715.1	2714942	Microbe:850153
206563	GCF_014385435.1 Alloprevotella sp. Lung230 strain=Lung230, ASM1438543v1	GCF_014385435.1	2766595	Microbe:748781
206563	GCF_009680455.1 Lachnospira eligens strain=BIOML-A1, ASM968045v1	GCF_009680455.1	39485	Microbe:645922
206563	GCF_009680455.1 Lachnospira eligens strain=BIOML-A1, ASM968045v1	GCF_009680455.1	39485	Microbe:645923
206563	GCF_009680455.1 Lachnospira eligens strain=BIOML-A1, ASM968045v1	GCF_009680455.1	39485	Microbe:645924
206563	GCF_009680455.1 Lachnospira eligens strain=BIOML-A1, ASM968045v1	GCF_009680455.1	39485	Microbe:645926
206563	GCF_009680455.1 Lachnospira eligens strain=BIOML-A1, ASM968045v1	GCF_009680455.1	39485	Microbe:645927
206563	GCF_009680455.1 Lachnospira eligens strain=BIOML-A1, ASM968045v1	GCF_009680455.1	39485	Microbe:645929
206563	GCF_009680455.1 Lachnospira eligens strain=BIOML-A1, ASM968045v1	GCF_009680455.1	39485	Microbe:645936
206563	GCF_009680455.1 Lachnospira eligens strain=BIOML-A1, ASM968045v1	GCF_009680455.1	39485	Microbe:645937
206563	GCF_009680455.1 Lachnospira eligens strain=BIOML-A1, ASM968045v1	GCF_009680455.1	39485	Microbe:645938
206563	GCF_009680455.1 Lachnospira eligens strain=BIOML-A1, ASM968045v1	GCF_009680455.1	39485	Microbe:645939
206563	GCF_009680455.1 Lachnospira eligens strain=BIOML-A1, ASM968045v1	GCF_009680455.1	39485	Microbe:645941
206563	GCF_009680455.1 Lachnospira eligens strain=BIOML-A1, ASM968045v1	GCF_009680455.1	39485	Microbe:645942
206563	GCF_009680455.1 Lachnospira eligens strain=BIOML-A1, ASM968045v1	GCF_009680455.1	39485	Microbe:645943
206563	GCF_009680455.1 Lachnospira eligens strain=BIOML-A1, ASM968045v1	GCF_009680455.1	39485	Microbe:645944
206563	GCF_009680455.1 Lachnospira eligens strain=BIOML-A1, ASM968045v1	GCF_009680455.1	39485	Microbe:645946
206563	GCF_009680455.1 Lachnospira eligens strain=BIOML-A1, ASM968045v1	GCF_009680455.1	39485	Microbe:645949
206563	GCF_009680455.1 Lachnospira eligens strain=BIOML-A1, ASM968045v1	GCF_009680455.1	39485	Microbe:645950
206563	GCF_009680455.1 Lachnospira eligens strain=BIOML-A1, ASM968045v1	GCF_009680455.1	39485	Microbe:645952
206563	GCF_009680455.1 Lachnospira eligens strain=BIOML-A1, ASM968045v1	GCF_009680455.1	39485	Microbe:645953
206563	GCF_009680455.1 Lachnospira eligens strain=BIOML-A1, ASM968045v1	GCF_009680455.1	39485	Microbe:645954
206563	GCF_009680455.1 Lachnospira eligens strain=BIOML-A1, ASM968045v1	GCF_009680455.1	39485	Microbe:645955
206563	GCF_009680455.1 Lachnospira eligens strain=BIOML-A1, ASM968045v1	GCF_009680455.1	39485	Microbe:645956
206563	GCF_009680455.1 Lachnospira eligens strain=BIOML-A1, ASM968045v1	GCF_009680455.1	39485	Microbe:645957
206563	GCF_009680455.1 Lachnospira eligens strain=BIOML-A1, ASM968045v1	GCF_009680455.1	39485	Microbe:645958
206563	GCF_009680455.1 Lachnospira eligens strain=BIOML-A1, ASM968045v1	GCF_009680455.1	39485	Microbe:645959
206563	GCF_009680455.1 Lachnospira eligens strain=BIOML-A1, ASM968045v1	GCF_009680455.1	39485	Microbe:645960
206563	GCF_009680455.1 Lachnospira eligens strain=BIOML-A1, ASM968045v1	GCF_009680455.1	39485	Microbe:645961
206563	GCF_009680455.1 Lachnospira eligens strain=BIOML-A1, ASM968045v1	GCF_009680455.1	39485	Microbe:645962
206563	GCF_009680455.1 Lachnospira eligens strain=BIOML-A1, ASM968045v1	GCF_009680455.1	39485	Microbe:645963
206563	GCF_009680455.1 Lachnospira eligens strain=BIOML-A1, ASM968045v1	GCF_009680455.1	39485	Microbe:645966
206563	GCF_009680455.1 Lachnospira eligens strain=BIOML-A1, ASM968045v1	GCF_009680455.1	39485	Microbe:645967
206563	GCF_009680455.1 Lachnospira eligens strain=BIOML-A1, ASM968045v1	GCF_009680455.1	39485	Microbe:645969
206563	GCF_009680455.1 Lachnospira eligens strain=BIOML-A1, ASM968045v1	GCF_009680455.1	39485	Microbe:645970
206563	GCF_009680455.1 Lachnospira eligens strain=BIOML-A1, ASM968045v1	GCF_009680455.1	39485	Microbe:645972
206563	GCF_009680455.1 Lachnospira eligens strain=BIOML-A1, ASM968045v1	GCF_009680455.1	39485	Microbe:645973
206563	GCF_009680455.1 Lachnospira eligens strain=BIOML-A1, ASM968045v1	GCF_009680455.1	39485	Microbe:645976
206563	GCF_009680455.1 Lachnospira eligens strain=BIOML-A1, ASM968045v1	GCF_009680455.1	39485	Microbe:645977
206563	GCF_009680455.1 Lachnospira eligens strain=BIOML-A1, ASM968045v1	GCF_009680455.1	39485	Microbe:645979
206563	GCF_009680455.1 Lachnospira eligens strain=BIOML-A1, ASM968045v1	GCF_009680455.1	39485	Microbe:684880
206563	GCF_009680455.1 Lachnospira eligens strain=BIOML-A1, ASM968045v1	GCF_009680455.1	39485	Microbe:693970
206563	GCF_009680455.1 Lachnospira eligens strain=BIOML-A1, ASM968045v1	GCF_009680455.1	39485	Microbe:693977
206563	GCF_009680455.1 Lachnospira eligens strain=BIOML-A1, ASM968045v1	GCF_009680455.1	39485	Microbe:720775
206563	GCF_009680455.1 Lachnospira eligens strain=BIOML-A1, ASM968045v1	GCF_009680455.1	39485	Microbe:720777
206563	GCF_009680455.1 Lachnospira eligens strain=BIOML-A1, ASM968045v1	GCF_009680455.1	39485	Microbe:720781
206563	GCF_000686125.1 Ruminococcus sp. NK3A76 strain=NK3A76, ASM68612v1	GCF_000686125.1	877411	Microbe:838708
206615	GCF_000163895.2 Filifactor alocis ATCC 35896 strain=ATCC 35896, ASM16389v2	GCF_000163895.2	546269	Microbe:798169
206615	GCF_000163895.2 Filifactor alocis ATCC 35896 strain=ATCC 35896, ASM16389v2	GCF_000163895.2	546269	Microbe:798169
206615	GCF_900095865.1 Massilioclostridium coli strain=Marseille-P2976, PRJEB15310	GCF_900095865.1	1870991	Microbe:740056
206615	GCF_900095865.1 Massilioclostridium coli strain=Marseille-P2976, PRJEB15310	GCF_900095865.1	1870991	Microbe:740058
206615	GCF_900095865.1 Massilioclostridium coli strain=Marseille-P2976, PRJEB15310	GCF_900095865.1	1870991	Microbe:740060
206609	GCF_000163895.2 Filifactor alocis ATCC 35896 strain=ATCC 35896, ASM16389v2	GCF_000163895.2	546269	Microbe:798169
206609	GCF_000163895.2 Filifactor alocis ATCC 35896 strain=ATCC 35896, ASM16389v2	GCF_000163895.2	546269	Microbe:798169
206609	GCF_000157995.1 Holdemania filiformis DSM 12042 strain=DSM 12042, ASM15799v1	GCF_000157995.1	545696	Microbe:717750
206609	GCF_003865035.1 Anaerotignum faecicola strain=KCTC 15736, ASM386503v1	GCF_003865035.1	2358141	Microbe:673490
206609	GCF_003865035.1 Anaerotignum faecicola strain=KCTC 15736, ASM386503v1	GCF_003865035.1	2358141	Microbe:673492
206609	GCF_003865035.1 Anaerotignum faecicola strain=KCTC 15736, ASM386503v1	GCF_003865035.1	2358141	Microbe:673495
206609	GCF_003865035.1 Anaerotignum faecicola strain=KCTC 15736, ASM386503v1	GCF_003865035.1	2358141	Microbe:673497
206609	GCF_003865035.1 Anaerotignum faecicola strain=KCTC 15736, ASM386503v1	GCF_003865035.1	2358141	Microbe:673499
206609	GCF_003865035.1 Anaerotignum faecicola strain=KCTC 15736, ASM386503v1	GCF_003865035.1	2358141	Microbe:673506
206609	GCF_003865035.1 Anaerotignum faecicola strain=KCTC 15736, ASM386503v1	GCF_003865035.1	2358141	Microbe:673510
206609	GCF_003865035.1 Anaerotignum faecicola strain=KCTC 15736, ASM386503v1	GCF_003865035.1	2358141	Microbe:804688
206569	GCF_000163895.2 Filifactor alocis ATCC 35896 strain=ATCC 35896, ASM16389v2	GCF_000163895.2	546269	Microbe:798169
206569	GCF_000163895.2 Filifactor alocis ATCC 35896 strain=ATCC 35896, ASM16389v2	GCF_000163895.2	546269	Microbe:798169
206569	GCF_000157995.1 Holdemania filiformis DSM 12042 strain=DSM 12042, ASM15799v1	GCF_000157995.1	545696	Microbe:717750
206569	GCF_014287275.1 Anaerofilum sp. BX8 strain=BX8, ASM1428727v1	GCF_014287275.1	2763016	Microbe:906211
206569	GCF_003460505.1 Eubacterium sp. AF36-5BH strain=AF36-5BH, ASM346050v1	GCF_003460505.1	2293108	Microbe:701203
206569	GCF_014287895.1 Lawsonibacter sp. NSJ-51 strain=NSJ-51, ASM1428789v1	GCF_014287895.1	2763053	Microbe:699739
206569	GCF_009680455.1 Lachnospira eligens strain=BIOML-A1, ASM968045v1	GCF_009680455.1	39485	Microbe:645922
206569	GCF_009680455.1 Lachnospira eligens strain=BIOML-A1, ASM968045v1	GCF_009680455.1	39485	Microbe:645923
206569	GCF_009680455.1 Lachnospira eligens strain=BIOML-A1, ASM968045v1	GCF_009680455.1	39485	Microbe:645924
206569	GCF_009680455.1 Lachnospira eligens strain=BIOML-A1, ASM968045v1	GCF_009680455.1	39485	Microbe:645926
206569	GCF_009680455.1 Lachnospira eligens strain=BIOML-A1, ASM968045v1	GCF_009680455.1	39485	Microbe:645927
206569	GCF_009680455.1 Lachnospira eligens strain=BIOML-A1, ASM968045v1	GCF_009680455.1	39485	Microbe:645929
206569	GCF_009680455.1 Lachnospira eligens strain=BIOML-A1, ASM968045v1	GCF_009680455.1	39485	Microbe:645936
206569	GCF_009680455.1 Lachnospira eligens strain=BIOML-A1, ASM968045v1	GCF_009680455.1	39485	Microbe:645937
206569	GCF_009680455.1 Lachnospira eligens strain=BIOML-A1, ASM968045v1	GCF_009680455.1	39485	Microbe:645938
206569	GCF_009680455.1 Lachnospira eligens strain=BIOML-A1, ASM968045v1	GCF_009680455.1	39485	Microbe:645939
206569	GCF_009680455.1 Lachnospira eligens strain=BIOML-A1, ASM968045v1	GCF_009680455.1	39485	Microbe:645941
206569	GCF_009680455.1 Lachnospira eligens strain=BIOML-A1, ASM968045v1	GCF_009680455.1	39485	Microbe:645942
206569	GCF_009680455.1 Lachnospira eligens strain=BIOML-A1, ASM968045v1	GCF_009680455.1	39485	Microbe:645943
206569	GCF_009680455.1 Lachnospira eligens strain=BIOML-A1, ASM968045v1	GCF_009680455.1	39485	Microbe:645944
206569	GCF_009680455.1 Lachnospira eligens strain=BIOML-A1, ASM968045v1	GCF_009680455.1	39485	Microbe:645946
206569	GCF_009680455.1 Lachnospira eligens strain=BIOML-A1, ASM968045v1	GCF_009680455.1	39485	Microbe:645949
206569	GCF_009680455.1 Lachnospira eligens strain=BIOML-A1, ASM968045v1	GCF_009680455.1	39485	Microbe:645950
206569	GCF_009680455.1 Lachnospira eligens strain=BIOML-A1, ASM968045v1	GCF_009680455.1	39485	Microbe:645952
206569	GCF_009680455.1 Lachnospira eligens strain=BIOML-A1, ASM968045v1	GCF_009680455.1	39485	Microbe:645953
206569	GCF_009680455.1 Lachnospira eligens strain=BIOML-A1, ASM968045v1	GCF_009680455.1	39485	Microbe:645954
206569	GCF_009680455.1 Lachnospira eligens strain=BIOML-A1, ASM968045v1	GCF_009680455.1	39485	Microbe:645955
206569	GCF_009680455.1 Lachnospira eligens strain=BIOML-A1, ASM968045v1	GCF_009680455.1	39485	Microbe:645956
206569	GCF_009680455.1 Lachnospira eligens strain=BIOML-A1, ASM968045v1	GCF_009680455.1	39485	Microbe:645957
206569	GCF_009680455.1 Lachnospira eligens strain=BIOML-A1, ASM968045v1	GCF_009680455.1	39485	Microbe:645958
206569	GCF_009680455.1 Lachnospira eligens strain=BIOML-A1, ASM968045v1	GCF_009680455.1	39485	Microbe:645959
206569	GCF_009680455.1 Lachnospira eligens strain=BIOML-A1, ASM968045v1	GCF_009680455.1	39485	Microbe:645960
206569	GCF_009680455.1 Lachnospira eligens strain=BIOML-A1, ASM968045v1	GCF_009680455.1	39485	Microbe:645961
206569	GCF_009680455.1 Lachnospira eligens strain=BIOML-A1, ASM968045v1	GCF_009680455.1	39485	Microbe:645962
206569	GCF_009680455.1 Lachnospira eligens strain=BIOML-A1, ASM968045v1	GCF_009680455.1	39485	Microbe:645963
206569	GCF_009680455.1 Lachnospira eligens strain=BIOML-A1, ASM968045v1	GCF_009680455.1	39485	Microbe:645966
206569	GCF_009680455.1 Lachnospira eligens strain=BIOML-A1, ASM968045v1	GCF_009680455.1	39485	Microbe:645967
206569	GCF_009680455.1 Lachnospira eligens strain=BIOML-A1, ASM968045v1	GCF_009680455.1	39485	Microbe:645969
206569	GCF_009680455.1 Lachnospira eligens strain=BIOML-A1, ASM968045v1	GCF_009680455.1	39485	Microbe:645970
206569	GCF_009680455.1 Lachnospira eligens strain=BIOML-A1, ASM968045v1	GCF_009680455.1	39485	Microbe:645972
206569	GCF_009680455.1 Lachnospira eligens strain=BIOML-A1, ASM968045v1	GCF_009680455.1	39485	Microbe:645973
206569	GCF_009680455.1 Lachnospira eligens strain=BIOML-A1, ASM968045v1	GCF_009680455.1	39485	Microbe:645976
206569	GCF_009680455.1 Lachnospira eligens strain=BIOML-A1, ASM968045v1	GCF_009680455.1	39485	Microbe:645977
206569	GCF_009680455.1 Lachnospira eligens strain=BIOML-A1, ASM968045v1	GCF_009680455.1	39485	Microbe:645979
206569	GCF_009680455.1 Lachnospira eligens strain=BIOML-A1, ASM968045v1	GCF_009680455.1	39485	Microbe:684880
206569	GCF_009680455.1 Lachnospira eligens strain=BIOML-A1, ASM968045v1	GCF_009680455.1	39485	Microbe:693970
206569	GCF_009680455.1 Lachnospira eligens strain=BIOML-A1, ASM968045v1	GCF_009680455.1	39485	Microbe:693977
206569	GCF_009680455.1 Lachnospira eligens strain=BIOML-A1, ASM968045v1	GCF_009680455.1	39485	Microbe:720775
206569	GCF_009680455.1 Lachnospira eligens strain=BIOML-A1, ASM968045v1	GCF_009680455.1	39485	Microbe:720777
206569	GCF_009680455.1 Lachnospira eligens strain=BIOML-A1, ASM968045v1	GCF_009680455.1	39485	Microbe:720781
206569	GCF_900291955.1 Pseudoruminoccoccus massiliensis strain=Marseille-P3876, PRJEB24956	GCF_900291955.1	2086583	Microbe:683133
206569	GCF_900291955.1 Pseudoruminoccoccus massiliensis strain=Marseille-P3876, PRJEB24956	GCF_900291955.1	2086583	Microbe:683142
206569	GCF_000686125.1 Ruminococcus sp. NK3A76 strain=NK3A76, ASM68612v1	GCF_000686125.1	877411	Microbe:838708
206547	GCF_000163895.2 Filifactor alocis ATCC 35896 strain=ATCC 35896, ASM16389v2	GCF_000163895.2	546269	Microbe:798169
206547	GCF_001808555.1 Porphyromonas sp. HMSC065F10 strain=HMSC065F10, ASM180855v1	GCF_001808555.1	1739394	Microbe:801767
206547	GCF_000973505.1 Blochmannia endosymbiont of Polyrhachis (Hedomyrma) turneri strain=675, ASM97350v1	GCF_000973505.1	1505596	Microbe:859089
206547	GCF_000163895.2 Filifactor alocis ATCC 35896 strain=ATCC 35896, ASM16389v2	GCF_000163895.2	546269	Microbe:798169
206547	GCF_001808555.1 Porphyromonas sp. HMSC065F10 strain=HMSC065F10, ASM180855v1	GCF_001808555.1	1739394	Microbe:801767
206547	GCF_000973505.1 Blochmannia endosymbiont of Polyrhachis (Hedomyrma) turneri strain=675, ASM97350v1	GCF_000973505.1	1505596	Microbe:859089
206547	GCF_009680455.1 Lachnospira eligens strain=BIOML-A1, ASM968045v1	GCF_009680455.1	39485	Microbe:645922
206547	GCF_009680455.1 Lachnospira eligens strain=BIOML-A1, ASM968045v1	GCF_009680455.1	39485	Microbe:645923
206547	GCF_009680455.1 Lachnospira eligens strain=BIOML-A1, ASM968045v1	GCF_009680455.1	39485	Microbe:645924
206547	GCF_009680455.1 Lachnospira eligens strain=BIOML-A1, ASM968045v1	GCF_009680455.1	39485	Microbe:645926
206547	GCF_009680455.1 Lachnospira eligens strain=BIOML-A1, ASM968045v1	GCF_009680455.1	39485	Microbe:645927
206547	GCF_009680455.1 Lachnospira eligens strain=BIOML-A1, ASM968045v1	GCF_009680455.1	39485	Microbe:645929
206547	GCF_009680455.1 Lachnospira eligens strain=BIOML-A1, ASM968045v1	GCF_009680455.1	39485	Microbe:645936
206547	GCF_009680455.1 Lachnospira eligens strain=BIOML-A1, ASM968045v1	GCF_009680455.1	39485	Microbe:645937
206547	GCF_009680455.1 Lachnospira eligens strain=BIOML-A1, ASM968045v1	GCF_009680455.1	39485	Microbe:645938
206547	GCF_009680455.1 Lachnospira eligens strain=BIOML-A1, ASM968045v1	GCF_009680455.1	39485	Microbe:645939
206547	GCF_009680455.1 Lachnospira eligens strain=BIOML-A1, ASM968045v1	GCF_009680455.1	39485	Microbe:645941
206547	GCF_009680455.1 Lachnospira eligens strain=BIOML-A1, ASM968045v1	GCF_009680455.1	39485	Microbe:645942
206547	GCF_009680455.1 Lachnospira eligens strain=BIOML-A1, ASM968045v1	GCF_009680455.1	39485	Microbe:645943
206547	GCF_009680455.1 Lachnospira eligens strain=BIOML-A1, ASM968045v1	GCF_009680455.1	39485	Microbe:645944
206547	GCF_009680455.1 Lachnospira eligens strain=BIOML-A1, ASM968045v1	GCF_009680455.1	39485	Microbe:645946
206547	GCF_009680455.1 Lachnospira eligens strain=BIOML-A1, ASM968045v1	GCF_009680455.1	39485	Microbe:645949
206547	GCF_009680455.1 Lachnospira eligens strain=BIOML-A1, ASM968045v1	GCF_009680455.1	39485	Microbe:645950
206547	GCF_009680455.1 Lachnospira eligens strain=BIOML-A1, ASM968045v1	GCF_009680455.1	39485	Microbe:645952
206547	GCF_009680455.1 Lachnospira eligens strain=BIOML-A1, ASM968045v1	GCF_009680455.1	39485	Microbe:645953
206547	GCF_009680455.1 Lachnospira eligens strain=BIOML-A1, ASM968045v1	GCF_009680455.1	39485	Microbe:645954
206547	GCF_009680455.1 Lachnospira eligens strain=BIOML-A1, ASM968045v1	GCF_009680455.1	39485	Microbe:645955
206547	GCF_009680455.1 Lachnospira eligens strain=BIOML-A1, ASM968045v1	GCF_009680455.1	39485	Microbe:645956
206547	GCF_009680455.1 Lachnospira eligens strain=BIOML-A1, ASM968045v1	GCF_009680455.1	39485	Microbe:645957
206547	GCF_009680455.1 Lachnospira eligens strain=BIOML-A1, ASM968045v1	GCF_009680455.1	39485	Microbe:645958
206547	GCF_009680455.1 Lachnospira eligens strain=BIOML-A1, ASM968045v1	GCF_009680455.1	39485	Microbe:645959
206547	GCF_009680455.1 Lachnospira eligens strain=BIOML-A1, ASM968045v1	GCF_009680455.1	39485	Microbe:645960
206547	GCF_009680455.1 Lachnospira eligens strain=BIOML-A1, ASM968045v1	GCF_009680455.1	39485	Microbe:645961
206547	GCF_009680455.1 Lachnospira eligens strain=BIOML-A1, ASM968045v1	GCF_009680455.1	39485	Microbe:645962
206547	GCF_009680455.1 Lachnospira eligens strain=BIOML-A1, ASM968045v1	GCF_009680455.1	39485	Microbe:645963
206547	GCF_009680455.1 Lachnospira eligens strain=BIOML-A1, ASM968045v1	GCF_009680455.1	39485	Microbe:645966
206547	GCF_009680455.1 Lachnospira eligens strain=BIOML-A1, ASM968045v1	GCF_009680455.1	39485	Microbe:645967
206547	GCF_009680455.1 Lachnospira eligens strain=BIOML-A1, ASM968045v1	GCF_009680455.1	39485	Microbe:645969
206547	GCF_009680455.1 Lachnospira eligens strain=BIOML-A1, ASM968045v1	GCF_009680455.1	39485	Microbe:645970
206547	GCF_009680455.1 Lachnospira eligens strain=BIOML-A1, ASM968045v1	GCF_009680455.1	39485	Microbe:645972
206547	GCF_009680455.1 Lachnospira eligens strain=BIOML-A1, ASM968045v1	GCF_009680455.1	39485	Microbe:645973
206547	GCF_009680455.1 Lachnospira eligens strain=BIOML-A1, ASM968045v1	GCF_009680455.1	39485	Microbe:645976
206547	GCF_009680455.1 Lachnospira eligens strain=BIOML-A1, ASM968045v1	GCF_009680455.1	39485	Microbe:645977
206547	GCF_009680455.1 Lachnospira eligens strain=BIOML-A1, ASM968045v1	GCF_009680455.1	39485	Microbe:645979
206547	GCF_009680455.1 Lachnospira eligens strain=BIOML-A1, ASM968045v1	GCF_009680455.1	39485	Microbe:684880
206547	GCF_009680455.1 Lachnospira eligens strain=BIOML-A1, ASM968045v1	GCF_009680455.1	39485	Microbe:693970
206547	GCF_009680455.1 Lachnospira eligens strain=BIOML-A1, ASM968045v1	GCF_009680455.1	39485	Microbe:693977
206547	GCF_009680455.1 Lachnospira eligens strain=BIOML-A1, ASM968045v1	GCF_009680455.1	39485	Microbe:720775
206547	GCF_009680455.1 Lachnospira eligens strain=BIOML-A1, ASM968045v1	GCF_009680455.1	39485	Microbe:720777
206547	GCF_009680455.1 Lachnospira eligens strain=BIOML-A1, ASM968045v1	GCF_009680455.1	39485	Microbe:720781
206547	GCF_017744155.1 Endozoicomonas sp. G2_1 strain=G2_1, ASM1774415v1	GCF_017744155.1	2821091	Microbe:910561
206547	GCF_000686125.1 Ruminococcus sp. NK3A76 strain=NK3A76, ASM68612v1	GCF_000686125.1	877411	Microbe:838708
206570	GCF_000163895.2 Filifactor alocis ATCC 35896 strain=ATCC 35896, ASM16389v2	GCF_000163895.2	546269	Microbe:798169
206570	GCF_000163895.2 Filifactor alocis ATCC 35896 strain=ATCC 35896, ASM16389v2	GCF_000163895.2	546269	Microbe:798169
206570	GCF_016899725.1 Bifidobacterium pullorum subsp. saeculare strain=An836, ASM1689972v1	GCF_016899725.1	78257	Microbe:673179
206570	GCF_016899725.1 Bifidobacterium pullorum subsp. saeculare strain=An836, ASM1689972v1	GCF_016899725.1	78257	Microbe:673182
206570	GCF_016899725.1 Bifidobacterium pullorum subsp. saeculare strain=An836, ASM1689972v1	GCF_016899725.1	78257	Microbe:673184
206570	GCF_016899725.1 Bifidobacterium pullorum subsp. saeculare strain=An836, ASM1689972v1	GCF_016899725.1	78257	Microbe:673187
206570	GCF_016899725.1 Bifidobacterium pullorum subsp. saeculare strain=An836, ASM1689972v1	GCF_016899725.1	78257	Microbe:673191
206570	GCF_016899725.1 Bifidobacterium pullorum subsp. saeculare strain=An836, ASM1689972v1	GCF_016899725.1	78257	Microbe:875584
206570	GCF_000157995.1 Holdemania filiformis DSM 12042 strain=DSM 12042, ASM15799v1	GCF_000157995.1	545696	Microbe:717750
206570	GCF_014287275.1 Anaerofilum sp. BX8 strain=BX8, ASM1428727v1	GCF_014287275.1	2763016	Microbe:906211
206570	GCF_003460505.1 Eubacterium sp. AF36-5BH strain=AF36-5BH, ASM346050v1	GCF_003460505.1	2293108	Microbe:701203
206570	GCF_014287895.1 Lawsonibacter sp. NSJ-51 strain=NSJ-51, ASM1428789v1	GCF_014287895.1	2763053	Microbe:699739
206570	GCF_009680455.1 Lachnospira eligens strain=BIOML-A1, ASM968045v1	GCF_009680455.1	39485	Microbe:645922
206570	GCF_009680455.1 Lachnospira eligens strain=BIOML-A1, ASM968045v1	GCF_009680455.1	39485	Microbe:645923
206570	GCF_009680455.1 Lachnospira eligens strain=BIOML-A1, ASM968045v1	GCF_009680455.1	39485	Microbe:645924
206570	GCF_009680455.1 Lachnospira eligens strain=BIOML-A1, ASM968045v1	GCF_009680455.1	39485	Microbe:645926
206570	GCF_009680455.1 Lachnospira eligens strain=BIOML-A1, ASM968045v1	GCF_009680455.1	39485	Microbe:645927
206570	GCF_009680455.1 Lachnospira eligens strain=BIOML-A1, ASM968045v1	GCF_009680455.1	39485	Microbe:645929
206570	GCF_009680455.1 Lachnospira eligens strain=BIOML-A1, ASM968045v1	GCF_009680455.1	39485	Microbe:645936
206570	GCF_009680455.1 Lachnospira eligens strain=BIOML-A1, ASM968045v1	GCF_009680455.1	39485	Microbe:645937
206570	GCF_009680455.1 Lachnospira eligens strain=BIOML-A1, ASM968045v1	GCF_009680455.1	39485	Microbe:645938
206570	GCF_009680455.1 Lachnospira eligens strain=BIOML-A1, ASM968045v1	GCF_009680455.1	39485	Microbe:645939
206570	GCF_009680455.1 Lachnospira eligens strain=BIOML-A1, ASM968045v1	GCF_009680455.1	39485	Microbe:645941
206570	GCF_009680455.1 Lachnospira eligens strain=BIOML-A1, ASM968045v1	GCF_009680455.1	39485	Microbe:645942
206570	GCF_009680455.1 Lachnospira eligens strain=BIOML-A1, ASM968045v1	GCF_009680455.1	39485	Microbe:645943
206570	GCF_009680455.1 Lachnospira eligens strain=BIOML-A1, ASM968045v1	GCF_009680455.1	39485	Microbe:645944
206570	GCF_009680455.1 Lachnospira eligens strain=BIOML-A1, ASM968045v1	GCF_009680455.1	39485	Microbe:645946
206570	GCF_009680455.1 Lachnospira eligens strain=BIOML-A1, ASM968045v1	GCF_009680455.1	39485	Microbe:645949
206570	GCF_009680455.1 Lachnospira eligens strain=BIOML-A1, ASM968045v1	GCF_009680455.1	39485	Microbe:645950
206570	GCF_009680455.1 Lachnospira eligens strain=BIOML-A1, ASM968045v1	GCF_009680455.1	39485	Microbe:645952
206570	GCF_009680455.1 Lachnospira eligens strain=BIOML-A1, ASM968045v1	GCF_009680455.1	39485	Microbe:645953
206570	GCF_009680455.1 Lachnospira eligens strain=BIOML-A1, ASM968045v1	GCF_009680455.1	39485	Microbe:645954
206570	GCF_009680455.1 Lachnospira eligens strain=BIOML-A1, ASM968045v1	GCF_009680455.1	39485	Microbe:645955
206570	GCF_009680455.1 Lachnospira eligens strain=BIOML-A1, ASM968045v1	GCF_009680455.1	39485	Microbe:645956
206570	GCF_009680455.1 Lachnospira eligens strain=BIOML-A1, ASM968045v1	GCF_009680455.1	39485	Microbe:645957
206570	GCF_009680455.1 Lachnospira eligens strain=BIOML-A1, ASM968045v1	GCF_009680455.1	39485	Microbe:645958
206570	GCF_009680455.1 Lachnospira eligens strain=BIOML-A1, ASM968045v1	GCF_009680455.1	39485	Microbe:645959
206570	GCF_009680455.1 Lachnospira eligens strain=BIOML-A1, ASM968045v1	GCF_009680455.1	39485	Microbe:645960
206570	GCF_009680455.1 Lachnospira eligens strain=BIOML-A1, ASM968045v1	GCF_009680455.1	39485	Microbe:645961
206570	GCF_009680455.1 Lachnospira eligens strain=BIOML-A1, ASM968045v1	GCF_009680455.1	39485	Microbe:645962
206570	GCF_009680455.1 Lachnospira eligens strain=BIOML-A1, ASM968045v1	GCF_009680455.1	39485	Microbe:645963
206570	GCF_009680455.1 Lachnospira eligens strain=BIOML-A1, ASM968045v1	GCF_009680455.1	39485	Microbe:645966
206570	GCF_009680455.1 Lachnospira eligens strain=BIOML-A1, ASM968045v1	GCF_009680455.1	39485	Microbe:645967
206570	GCF_009680455.1 Lachnospira eligens strain=BIOML-A1, ASM968045v1	GCF_009680455.1	39485	Microbe:645969
206570	GCF_009680455.1 Lachnospira eligens strain=BIOML-A1, ASM968045v1	GCF_009680455.1	39485	Microbe:645970
206570	GCF_009680455.1 Lachnospira eligens strain=BIOML-A1, ASM968045v1	GCF_009680455.1	39485	Microbe:645972
206570	GCF_009680455.1 Lachnospira eligens strain=BIOML-A1, ASM968045v1	GCF_009680455.1	39485	Microbe:645973
206570	GCF_009680455.1 Lachnospira eligens strain=BIOML-A1, ASM968045v1	GCF_009680455.1	39485	Microbe:645976
206570	GCF_009680455.1 Lachnospira eligens strain=BIOML-A1, ASM968045v1	GCF_009680455.1	39485	Microbe:645977
206570	GCF_009680455.1 Lachnospira eligens strain=BIOML-A1, ASM968045v1	GCF_009680455.1	39485	Microbe:645979
206570	GCF_009680455.1 Lachnospira eligens strain=BIOML-A1, ASM968045v1	GCF_009680455.1	39485	Microbe:684880
206570	GCF_009680455.1 Lachnospira eligens strain=BIOML-A1, ASM968045v1	GCF_009680455.1	39485	Microbe:693970
206570	GCF_009680455.1 Lachnospira eligens strain=BIOML-A1, ASM968045v1	GCF_009680455.1	39485	Microbe:693977
206570	GCF_009680455.1 Lachnospira eligens strain=BIOML-A1, ASM968045v1	GCF_009680455.1	39485	Microbe:720775
206570	GCF_009680455.1 Lachnospira eligens strain=BIOML-A1, ASM968045v1	GCF_009680455.1	39485	Microbe:720777
206570	GCF_009680455.1 Lachnospira eligens strain=BIOML-A1, ASM968045v1	GCF_009680455.1	39485	Microbe:720781
206570	GCF_900291955.1 Pseudoruminoccoccus massiliensis strain=Marseille-P3876, PRJEB24956	GCF_900291955.1	2086583	Microbe:683133
206570	GCF_900291955.1 Pseudoruminoccoccus massiliensis strain=Marseille-P3876, PRJEB24956	GCF_900291955.1	2086583	Microbe:683142
206570	GCF_000686125.1 Ruminococcus sp. NK3A76 strain=NK3A76, ASM68612v1	GCF_000686125.1	877411	Microbe:838708
206605	GCF_000973505.1 Blochmannia endosymbiont of Polyrhachis (Hedomyrma) turneri strain=675, ASM97350v1	GCF_000973505.1	1505596	Microbe:859089
206605	GCF_000973505.1 Blochmannia endosymbiont of Polyrhachis (Hedomyrma) turneri strain=675, ASM97350v1	GCF_000973505.1	1505596	Microbe:859089
206605	GCF_003865035.1 Anaerotignum faecicola strain=KCTC 15736, ASM386503v1	GCF_003865035.1	2358141	Microbe:673490
206605	GCF_003865035.1 Anaerotignum faecicola strain=KCTC 15736, ASM386503v1	GCF_003865035.1	2358141	Microbe:673492
206605	GCF_003865035.1 Anaerotignum faecicola strain=KCTC 15736, ASM386503v1	GCF_003865035.1	2358141	Microbe:673495
206605	GCF_003865035.1 Anaerotignum faecicola strain=KCTC 15736, ASM386503v1	GCF_003865035.1	2358141	Microbe:673497
206605	GCF_003865035.1 Anaerotignum faecicola strain=KCTC 15736, ASM386503v1	GCF_003865035.1	2358141	Microbe:673499
206605	GCF_003865035.1 Anaerotignum faecicola strain=KCTC 15736, ASM386503v1	GCF_003865035.1	2358141	Microbe:673506
206605	GCF_003865035.1 Anaerotignum faecicola strain=KCTC 15736, ASM386503v1	GCF_003865035.1	2358141	Microbe:673510
206605	GCF_003865035.1 Anaerotignum faecicola strain=KCTC 15736, ASM386503v1	GCF_003865035.1	2358141	Microbe:804688
206605	GCF_009680455.1 Lachnospira eligens strain=BIOML-A1, ASM968045v1	GCF_009680455.1	39485	Microbe:645922
206605	GCF_009680455.1 Lachnospira eligens strain=BIOML-A1, ASM968045v1	GCF_009680455.1	39485	Microbe:645923
206605	GCF_009680455.1 Lachnospira eligens strain=BIOML-A1, ASM968045v1	GCF_009680455.1	39485	Microbe:645924
206605	GCF_009680455.1 Lachnospira eligens strain=BIOML-A1, ASM968045v1	GCF_009680455.1	39485	Microbe:645926
206605	GCF_009680455.1 Lachnospira eligens strain=BIOML-A1, ASM968045v1	GCF_009680455.1	39485	Microbe:645927
206605	GCF_009680455.1 Lachnospira eligens strain=BIOML-A1, ASM968045v1	GCF_009680455.1	39485	Microbe:645929
206605	GCF_009680455.1 Lachnospira eligens strain=BIOML-A1, ASM968045v1	GCF_009680455.1	39485	Microbe:645936
206605	GCF_009680455.1 Lachnospira eligens strain=BIOML-A1, ASM968045v1	GCF_009680455.1	39485	Microbe:645937
206605	GCF_009680455.1 Lachnospira eligens strain=BIOML-A1, ASM968045v1	GCF_009680455.1	39485	Microbe:645938
206605	GCF_009680455.1 Lachnospira eligens strain=BIOML-A1, ASM968045v1	GCF_009680455.1	39485	Microbe:645939
206605	GCF_009680455.1 Lachnospira eligens strain=BIOML-A1, ASM968045v1	GCF_009680455.1	39485	Microbe:645941
206605	GCF_009680455.1 Lachnospira eligens strain=BIOML-A1, ASM968045v1	GCF_009680455.1	39485	Microbe:645942
206605	GCF_009680455.1 Lachnospira eligens strain=BIOML-A1, ASM968045v1	GCF_009680455.1	39485	Microbe:645943
206605	GCF_009680455.1 Lachnospira eligens strain=BIOML-A1, ASM968045v1	GCF_009680455.1	39485	Microbe:645944
206605	GCF_009680455.1 Lachnospira eligens strain=BIOML-A1, ASM968045v1	GCF_009680455.1	39485	Microbe:645946
206605	GCF_009680455.1 Lachnospira eligens strain=BIOML-A1, ASM968045v1	GCF_009680455.1	39485	Microbe:645949
206605	GCF_009680455.1 Lachnospira eligens strain=BIOML-A1, ASM968045v1	GCF_009680455.1	39485	Microbe:645950
206605	GCF_009680455.1 Lachnospira eligens strain=BIOML-A1, ASM968045v1	GCF_009680455.1	39485	Microbe:645952
206605	GCF_009680455.1 Lachnospira eligens strain=BIOML-A1, ASM968045v1	GCF_009680455.1	39485	Microbe:645953
206605	GCF_009680455.1 Lachnospira eligens strain=BIOML-A1, ASM968045v1	GCF_009680455.1	39485	Microbe:645954
206605	GCF_009680455.1 Lachnospira eligens strain=BIOML-A1, ASM968045v1	GCF_009680455.1	39485	Microbe:645955
206605	GCF_009680455.1 Lachnospira eligens strain=BIOML-A1, ASM968045v1	GCF_009680455.1	39485	Microbe:645956
206605	GCF_009680455.1 Lachnospira eligens strain=BIOML-A1, ASM968045v1	GCF_009680455.1	39485	Microbe:645957
206605	GCF_009680455.1 Lachnospira eligens strain=BIOML-A1, ASM968045v1	GCF_009680455.1	39485	Microbe:645958
206605	GCF_009680455.1 Lachnospira eligens strain=BIOML-A1, ASM968045v1	GCF_009680455.1	39485	Microbe:645959
206605	GCF_009680455.1 Lachnospira eligens strain=BIOML-A1, ASM968045v1	GCF_009680455.1	39485	Microbe:645960
206605	GCF_009680455.1 Lachnospira eligens strain=BIOML-A1, ASM968045v1	GCF_009680455.1	39485	Microbe:645961
206605	GCF_009680455.1 Lachnospira eligens strain=BIOML-A1, ASM968045v1	GCF_009680455.1	39485	Microbe:645962
206605	GCF_009680455.1 Lachnospira eligens strain=BIOML-A1, ASM968045v1	GCF_009680455.1	39485	Microbe:645963
206605	GCF_009680455.1 Lachnospira eligens strain=BIOML-A1, ASM968045v1	GCF_009680455.1	39485	Microbe:645966
206605	GCF_009680455.1 Lachnospira eligens strain=BIOML-A1, ASM968045v1	GCF_009680455.1	39485	Microbe:645967
206605	GCF_009680455.1 Lachnospira eligens strain=BIOML-A1, ASM968045v1	GCF_009680455.1	39485	Microbe:645969
206605	GCF_009680455.1 Lachnospira eligens strain=BIOML-A1, ASM968045v1	GCF_009680455.1	39485	Microbe:645970
206605	GCF_009680455.1 Lachnospira eligens strain=BIOML-A1, ASM968045v1	GCF_009680455.1	39485	Microbe:645972
206605	GCF_009680455.1 Lachnospira eligens strain=BIOML-A1, ASM968045v1	GCF_009680455.1	39485	Microbe:645973
206605	GCF_009680455.1 Lachnospira eligens strain=BIOML-A1, ASM968045v1	GCF_009680455.1	39485	Microbe:645976
206605	GCF_009680455.1 Lachnospira eligens strain=BIOML-A1, ASM968045v1	GCF_009680455.1	39485	Microbe:645977
206605	GCF_009680455.1 Lachnospira eligens strain=BIOML-A1, ASM968045v1	GCF_009680455.1	39485	Microbe:645979
206605	GCF_009680455.1 Lachnospira eligens strain=BIOML-A1, ASM968045v1	GCF_009680455.1	39485	Microbe:684880
206605	GCF_009680455.1 Lachnospira eligens strain=BIOML-A1, ASM968045v1	GCF_009680455.1	39485	Microbe:693970
206605	GCF_009680455.1 Lachnospira eligens strain=BIOML-A1, ASM968045v1	GCF_009680455.1	39485	Microbe:693977
206605	GCF_009680455.1 Lachnospira eligens strain=BIOML-A1, ASM968045v1	GCF_009680455.1	39485	Microbe:720775
206605	GCF_009680455.1 Lachnospira eligens strain=BIOML-A1, ASM968045v1	GCF_009680455.1	39485	Microbe:720777
206605	GCF_009680455.1 Lachnospira eligens strain=BIOML-A1, ASM968045v1	GCF_009680455.1	39485	Microbe:720781
206605	GCF_900291955.1 Pseudoruminoccoccus massiliensis strain=Marseille-P3876, PRJEB24956	GCF_900291955.1	2086583	Microbe:683133
206605	GCF_900291955.1 Pseudoruminoccoccus massiliensis strain=Marseille-P3876, PRJEB24956	GCF_900291955.1	2086583	Microbe:683142
206605	GCF_000686125.1 Ruminococcus sp. NK3A76 strain=NK3A76, ASM68612v1	GCF_000686125.1	877411	Microbe:838708
206622	GCF_003460505.1 Eubacterium sp. AF36-5BH strain=AF36-5BH, ASM346050v1	GCF_003460505.1	2293108	Microbe:701203
206622	GCF_014385435.1 Alloprevotella sp. Lung230 strain=Lung230, ASM1438543v1	GCF_014385435.1	2766595	Microbe:748781
206622	GCF_000686125.1 Ruminococcus sp. NK3A76 strain=NK3A76, ASM68612v1	GCF_000686125.1	877411	Microbe:838708
206617	GCF_000163895.2 Filifactor alocis ATCC 35896 strain=ATCC 35896, ASM16389v2	GCF_000163895.2	546269	Microbe:798169
206617	GCF_000163895.2 Filifactor alocis ATCC 35896 strain=ATCC 35896, ASM16389v2	GCF_000163895.2	546269	Microbe:798169
206562	GCF_000157995.1 Holdemania filiformis DSM 12042 strain=DSM 12042, ASM15799v1	GCF_000157995.1	545696	Microbe:717750
206562	GCF_009680455.1 Lachnospira eligens strain=BIOML-A1, ASM968045v1	GCF_009680455.1	39485	Microbe:645922
206562	GCF_009680455.1 Lachnospira eligens strain=BIOML-A1, ASM968045v1	GCF_009680455.1	39485	Microbe:645923
206562	GCF_009680455.1 Lachnospira eligens strain=BIOML-A1, ASM968045v1	GCF_009680455.1	39485	Microbe:645924
206562	GCF_009680455.1 Lachnospira eligens strain=BIOML-A1, ASM968045v1	GCF_009680455.1	39485	Microbe:645926
206562	GCF_009680455.1 Lachnospira eligens strain=BIOML-A1, ASM968045v1	GCF_009680455.1	39485	Microbe:645927
206562	GCF_009680455.1 Lachnospira eligens strain=BIOML-A1, ASM968045v1	GCF_009680455.1	39485	Microbe:645929
206562	GCF_009680455.1 Lachnospira eligens strain=BIOML-A1, ASM968045v1	GCF_009680455.1	39485	Microbe:645936
206562	GCF_009680455.1 Lachnospira eligens strain=BIOML-A1, ASM968045v1	GCF_009680455.1	39485	Microbe:645937
206562	GCF_009680455.1 Lachnospira eligens strain=BIOML-A1, ASM968045v1	GCF_009680455.1	39485	Microbe:645938
206562	GCF_009680455.1 Lachnospira eligens strain=BIOML-A1, ASM968045v1	GCF_009680455.1	39485	Microbe:645939
206562	GCF_009680455.1 Lachnospira eligens strain=BIOML-A1, ASM968045v1	GCF_009680455.1	39485	Microbe:645941
206562	GCF_009680455.1 Lachnospira eligens strain=BIOML-A1, ASM968045v1	GCF_009680455.1	39485	Microbe:645942
206562	GCF_009680455.1 Lachnospira eligens strain=BIOML-A1, ASM968045v1	GCF_009680455.1	39485	Microbe:645943
206562	GCF_009680455.1 Lachnospira eligens strain=BIOML-A1, ASM968045v1	GCF_009680455.1	39485	Microbe:645944
206562	GCF_009680455.1 Lachnospira eligens strain=BIOML-A1, ASM968045v1	GCF_009680455.1	39485	Microbe:645946
206562	GCF_009680455.1 Lachnospira eligens strain=BIOML-A1, ASM968045v1	GCF_009680455.1	39485	Microbe:645949
206562	GCF_009680455.1 Lachnospira eligens strain=BIOML-A1, ASM968045v1	GCF_009680455.1	39485	Microbe:645950
206562	GCF_009680455.1 Lachnospira eligens strain=BIOML-A1, ASM968045v1	GCF_009680455.1	39485	Microbe:645952
206562	GCF_009680455.1 Lachnospira eligens strain=BIOML-A1, ASM968045v1	GCF_009680455.1	39485	Microbe:645953
206562	GCF_009680455.1 Lachnospira eligens strain=BIOML-A1, ASM968045v1	GCF_009680455.1	39485	Microbe:645954
206562	GCF_009680455.1 Lachnospira eligens strain=BIOML-A1, ASM968045v1	GCF_009680455.1	39485	Microbe:645955
206562	GCF_009680455.1 Lachnospira eligens strain=BIOML-A1, ASM968045v1	GCF_009680455.1	39485	Microbe:645956
206562	GCF_009680455.1 Lachnospira eligens strain=BIOML-A1, ASM968045v1	GCF_009680455.1	39485	Microbe:645957
206562	GCF_009680455.1 Lachnospira eligens strain=BIOML-A1, ASM968045v1	GCF_009680455.1	39485	Microbe:645958
206562	GCF_009680455.1 Lachnospira eligens strain=BIOML-A1, ASM968045v1	GCF_009680455.1	39485	Microbe:645959
206562	GCF_009680455.1 Lachnospira eligens strain=BIOML-A1, ASM968045v1	GCF_009680455.1	39485	Microbe:645960
206562	GCF_009680455.1 Lachnospira eligens strain=BIOML-A1, ASM968045v1	GCF_009680455.1	39485	Microbe:645961
206562	GCF_009680455.1 Lachnospira eligens strain=BIOML-A1, ASM968045v1	GCF_009680455.1	39485	Microbe:645962
206562	GCF_009680455.1 Lachnospira eligens strain=BIOML-A1, ASM968045v1	GCF_009680455.1	39485	Microbe:645963
206562	GCF_009680455.1 Lachnospira eligens strain=BIOML-A1, ASM968045v1	GCF_009680455.1	39485	Microbe:645966
206562	GCF_009680455.1 Lachnospira eligens strain=BIOML-A1, ASM968045v1	GCF_009680455.1	39485	Microbe:645967
206562	GCF_009680455.1 Lachnospira eligens strain=BIOML-A1, ASM968045v1	GCF_009680455.1	39485	Microbe:645969
206562	GCF_009680455.1 Lachnospira eligens strain=BIOML-A1, ASM968045v1	GCF_009680455.1	39485	Microbe:645970
206562	GCF_009680455.1 Lachnospira eligens strain=BIOML-A1, ASM968045v1	GCF_009680455.1	39485	Microbe:645972
206562	GCF_009680455.1 Lachnospira eligens strain=BIOML-A1, ASM968045v1	GCF_009680455.1	39485	Microbe:645973
206562	GCF_009680455.1 Lachnospira eligens strain=BIOML-A1, ASM968045v1	GCF_009680455.1	39485	Microbe:645976
206562	GCF_009680455.1 Lachnospira eligens strain=BIOML-A1, ASM968045v1	GCF_009680455.1	39485	Microbe:645977
206562	GCF_009680455.1 Lachnospira eligens strain=BIOML-A1, ASM968045v1	GCF_009680455.1	39485	Microbe:645979
206562	GCF_009680455.1 Lachnospira eligens strain=BIOML-A1, ASM968045v1	GCF_009680455.1	39485	Microbe:684880
206562	GCF_009680455.1 Lachnospira eligens strain=BIOML-A1, ASM968045v1	GCF_009680455.1	39485	Microbe:693970
206562	GCF_009680455.1 Lachnospira eligens strain=BIOML-A1, ASM968045v1	GCF_009680455.1	39485	Microbe:693977
206562	GCF_009680455.1 Lachnospira eligens strain=BIOML-A1, ASM968045v1	GCF_009680455.1	39485	Microbe:720775
206562	GCF_009680455.1 Lachnospira eligens strain=BIOML-A1, ASM968045v1	GCF_009680455.1	39485	Microbe:720777
206562	GCF_009680455.1 Lachnospira eligens strain=BIOML-A1, ASM968045v1	GCF_009680455.1	39485	Microbe:720781
206562	GCF_000686125.1 Ruminococcus sp. NK3A76 strain=NK3A76, ASM68612v1	GCF_000686125.1	877411	Microbe:838708
206625	GCF_000163895.2 Filifactor alocis ATCC 35896 strain=ATCC 35896, ASM16389v2	GCF_000163895.2	546269	Microbe:798169
206625	GCF_000163895.2 Filifactor alocis ATCC 35896 strain=ATCC 35896, ASM16389v2	GCF_000163895.2	546269	Microbe:798169
206625	GCF_003044035.1 Candidatus Methylomirabilis limnetica strain=Zug, ASM304403v1	GCF_003044035.1	2033718	Microbe:922943
206625	GCF_003044035.1 Candidatus Methylomirabilis limnetica strain=Zug, ASM304403v1	GCF_003044035.1	2033718	Microbe:922944
206630	GCF_003416765.1 Olsenella sp. KCTC 15699 strain=KCTC 15699, ASM341676v1	GCF_003416765.1	2292441	Microbe:682161
206630	GCF_003416765.1 Olsenella sp. KCTC 15699 strain=KCTC 15699, ASM341676v1	GCF_003416765.1	2292441	Microbe:682173
206630	GCF_009680455.1 Lachnospira eligens strain=BIOML-A1, ASM968045v1	GCF_009680455.1	39485	Microbe:645922
206630	GCF_009680455.1 Lachnospira eligens strain=BIOML-A1, ASM968045v1	GCF_009680455.1	39485	Microbe:645923
206630	GCF_009680455.1 Lachnospira eligens strain=BIOML-A1, ASM968045v1	GCF_009680455.1	39485	Microbe:645924
206630	GCF_009680455.1 Lachnospira eligens strain=BIOML-A1, ASM968045v1	GCF_009680455.1	39485	Microbe:645926
206630	GCF_009680455.1 Lachnospira eligens strain=BIOML-A1, ASM968045v1	GCF_009680455.1	39485	Microbe:645927
206630	GCF_009680455.1 Lachnospira eligens strain=BIOML-A1, ASM968045v1	GCF_009680455.1	39485	Microbe:645929
206630	GCF_009680455.1 Lachnospira eligens strain=BIOML-A1, ASM968045v1	GCF_009680455.1	39485	Microbe:645936
206630	GCF_009680455.1 Lachnospira eligens strain=BIOML-A1, ASM968045v1	GCF_009680455.1	39485	Microbe:645937
206630	GCF_009680455.1 Lachnospira eligens strain=BIOML-A1, ASM968045v1	GCF_009680455.1	39485	Microbe:645938
206630	GCF_009680455.1 Lachnospira eligens strain=BIOML-A1, ASM968045v1	GCF_009680455.1	39485	Microbe:645939
206630	GCF_009680455.1 Lachnospira eligens strain=BIOML-A1, ASM968045v1	GCF_009680455.1	39485	Microbe:645941
206630	GCF_009680455.1 Lachnospira eligens strain=BIOML-A1, ASM968045v1	GCF_009680455.1	39485	Microbe:645942
206630	GCF_009680455.1 Lachnospira eligens strain=BIOML-A1, ASM968045v1	GCF_009680455.1	39485	Microbe:645943
206630	GCF_009680455.1 Lachnospira eligens strain=BIOML-A1, ASM968045v1	GCF_009680455.1	39485	Microbe:645944
206630	GCF_009680455.1 Lachnospira eligens strain=BIOML-A1, ASM968045v1	GCF_009680455.1	39485	Microbe:645946
206630	GCF_009680455.1 Lachnospira eligens strain=BIOML-A1, ASM968045v1	GCF_009680455.1	39485	Microbe:645949
206630	GCF_009680455.1 Lachnospira eligens strain=BIOML-A1, ASM968045v1	GCF_009680455.1	39485	Microbe:645950
206630	GCF_009680455.1 Lachnospira eligens strain=BIOML-A1, ASM968045v1	GCF_009680455.1	39485	Microbe:645952
206630	GCF_009680455.1 Lachnospira eligens strain=BIOML-A1, ASM968045v1	GCF_009680455.1	39485	Microbe:645953
206630	GCF_009680455.1 Lachnospira eligens strain=BIOML-A1, ASM968045v1	GCF_009680455.1	39485	Microbe:645954
206630	GCF_009680455.1 Lachnospira eligens strain=BIOML-A1, ASM968045v1	GCF_009680455.1	39485	Microbe:645955
206630	GCF_009680455.1 Lachnospira eligens strain=BIOML-A1, ASM968045v1	GCF_009680455.1	39485	Microbe:645956
206630	GCF_009680455.1 Lachnospira eligens strain=BIOML-A1, ASM968045v1	GCF_009680455.1	39485	Microbe:645957
206630	GCF_009680455.1 Lachnospira eligens strain=BIOML-A1, ASM968045v1	GCF_009680455.1	39485	Microbe:645958
206630	GCF_009680455.1 Lachnospira eligens strain=BIOML-A1, ASM968045v1	GCF_009680455.1	39485	Microbe:645959
206630	GCF_009680455.1 Lachnospira eligens strain=BIOML-A1, ASM968045v1	GCF_009680455.1	39485	Microbe:645960
206630	GCF_009680455.1 Lachnospira eligens strain=BIOML-A1, ASM968045v1	GCF_009680455.1	39485	Microbe:645961
206630	GCF_009680455.1 Lachnospira eligens strain=BIOML-A1, ASM968045v1	GCF_009680455.1	39485	Microbe:645962
206630	GCF_009680455.1 Lachnospira eligens strain=BIOML-A1, ASM968045v1	GCF_009680455.1	39485	Microbe:645963
206630	GCF_009680455.1 Lachnospira eligens strain=BIOML-A1, ASM968045v1	GCF_009680455.1	39485	Microbe:645966
206630	GCF_009680455.1 Lachnospira eligens strain=BIOML-A1, ASM968045v1	GCF_009680455.1	39485	Microbe:645967
206630	GCF_009680455.1 Lachnospira eligens strain=BIOML-A1, ASM968045v1	GCF_009680455.1	39485	Microbe:645969
206630	GCF_009680455.1 Lachnospira eligens strain=BIOML-A1, ASM968045v1	GCF_009680455.1	39485	Microbe:645970
206630	GCF_009680455.1 Lachnospira eligens strain=BIOML-A1, ASM968045v1	GCF_009680455.1	39485	Microbe:645972
206630	GCF_009680455.1 Lachnospira eligens strain=BIOML-A1, ASM968045v1	GCF_009680455.1	39485	Microbe:645973
206630	GCF_009680455.1 Lachnospira eligens strain=BIOML-A1, ASM968045v1	GCF_009680455.1	39485	Microbe:645976
206630	GCF_009680455.1 Lachnospira eligens strain=BIOML-A1, ASM968045v1	GCF_009680455.1	39485	Microbe:645977
206630	GCF_009680455.1 Lachnospira eligens strain=BIOML-A1, ASM968045v1	GCF_009680455.1	39485	Microbe:645979
206630	GCF_009680455.1 Lachnospira eligens strain=BIOML-A1, ASM968045v1	GCF_009680455.1	39485	Microbe:684880
206630	GCF_009680455.1 Lachnospira eligens strain=BIOML-A1, ASM968045v1	GCF_009680455.1	39485	Microbe:693970
206630	GCF_009680455.1 Lachnospira eligens strain=BIOML-A1, ASM968045v1	GCF_009680455.1	39485	Microbe:693977
206630	GCF_009680455.1 Lachnospira eligens strain=BIOML-A1, ASM968045v1	GCF_009680455.1	39485	Microbe:720775
206630	GCF_009680455.1 Lachnospira eligens strain=BIOML-A1, ASM968045v1	GCF_009680455.1	39485	Microbe:720777
206630	GCF_009680455.1 Lachnospira eligens strain=BIOML-A1, ASM968045v1	GCF_009680455.1	39485	Microbe:720781
206630	GCF_003574295.1 Mediterraneibacter butyricigenes strain=KCTC 15684, ASM357429v1	GCF_003574295.1	2316025	Microbe:721188
206630	GCF_009455685.1 Paraburkholderia hayleyella strain=BhQS11, ASM945568v1	GCF_009455685.1	2152889	Microbe:906800
206630	GCF_009455685.1 Paraburkholderia hayleyella strain=BhQS11, ASM945568v1	GCF_009455685.1	2152889	Microbe:906801
206630	GCF_003416765.1 Olsenella sp. KCTC 15699 strain=KCTC 15699, ASM341676v1	GCF_003416765.1	2292441	Microbe:682161
206630	GCF_003416765.1 Olsenella sp. KCTC 15699 strain=KCTC 15699, ASM341676v1	GCF_003416765.1	2292441	Microbe:682173
206630	GCF_000686125.1 Ruminococcus sp. NK3A76 strain=NK3A76, ASM68612v1	GCF_000686125.1	877411	Microbe:838708
206629	GCF_000973505.1 Blochmannia endosymbiont of Polyrhachis (Hedomyrma) turneri strain=675, ASM97350v1	GCF_000973505.1	1505596	Microbe:859089
206629	GCF_000973505.1 Blochmannia endosymbiont of Polyrhachis (Hedomyrma) turneri strain=675, ASM97350v1	GCF_000973505.1	1505596	Microbe:859089
206629	GCF_009680455.1 Lachnospira eligens strain=BIOML-A1, ASM968045v1	GCF_009680455.1	39485	Microbe:645922
206629	GCF_009680455.1 Lachnospira eligens strain=BIOML-A1, ASM968045v1	GCF_009680455.1	39485	Microbe:645923
206629	GCF_009680455.1 Lachnospira eligens strain=BIOML-A1, ASM968045v1	GCF_009680455.1	39485	Microbe:645924
206629	GCF_009680455.1 Lachnospira eligens strain=BIOML-A1, ASM968045v1	GCF_009680455.1	39485	Microbe:645926
206629	GCF_009680455.1 Lachnospira eligens strain=BIOML-A1, ASM968045v1	GCF_009680455.1	39485	Microbe:645927
206629	GCF_009680455.1 Lachnospira eligens strain=BIOML-A1, ASM968045v1	GCF_009680455.1	39485	Microbe:645929
206629	GCF_009680455.1 Lachnospira eligens strain=BIOML-A1, ASM968045v1	GCF_009680455.1	39485	Microbe:645936
206629	GCF_009680455.1 Lachnospira eligens strain=BIOML-A1, ASM968045v1	GCF_009680455.1	39485	Microbe:645937
206629	GCF_009680455.1 Lachnospira eligens strain=BIOML-A1, ASM968045v1	GCF_009680455.1	39485	Microbe:645938
206629	GCF_009680455.1 Lachnospira eligens strain=BIOML-A1, ASM968045v1	GCF_009680455.1	39485	Microbe:645939
206629	GCF_009680455.1 Lachnospira eligens strain=BIOML-A1, ASM968045v1	GCF_009680455.1	39485	Microbe:645941
206629	GCF_009680455.1 Lachnospira eligens strain=BIOML-A1, ASM968045v1	GCF_009680455.1	39485	Microbe:645942
206629	GCF_009680455.1 Lachnospira eligens strain=BIOML-A1, ASM968045v1	GCF_009680455.1	39485	Microbe:645943
206629	GCF_009680455.1 Lachnospira eligens strain=BIOML-A1, ASM968045v1	GCF_009680455.1	39485	Microbe:645944
206629	GCF_009680455.1 Lachnospira eligens strain=BIOML-A1, ASM968045v1	GCF_009680455.1	39485	Microbe:645946
206629	GCF_009680455.1 Lachnospira eligens strain=BIOML-A1, ASM968045v1	GCF_009680455.1	39485	Microbe:645949
206629	GCF_009680455.1 Lachnospira eligens strain=BIOML-A1, ASM968045v1	GCF_009680455.1	39485	Microbe:645950
206629	GCF_009680455.1 Lachnospira eligens strain=BIOML-A1, ASM968045v1	GCF_009680455.1	39485	Microbe:645952
206629	GCF_009680455.1 Lachnospira eligens strain=BIOML-A1, ASM968045v1	GCF_009680455.1	39485	Microbe:645953
206629	GCF_009680455.1 Lachnospira eligens strain=BIOML-A1, ASM968045v1	GCF_009680455.1	39485	Microbe:645954
206629	GCF_009680455.1 Lachnospira eligens strain=BIOML-A1, ASM968045v1	GCF_009680455.1	39485	Microbe:645955
206629	GCF_009680455.1 Lachnospira eligens strain=BIOML-A1, ASM968045v1	GCF_009680455.1	39485	Microbe:645956
206629	GCF_009680455.1 Lachnospira eligens strain=BIOML-A1, ASM968045v1	GCF_009680455.1	39485	Microbe:645957
206629	GCF_009680455.1 Lachnospira eligens strain=BIOML-A1, ASM968045v1	GCF_009680455.1	39485	Microbe:645958
206629	GCF_009680455.1 Lachnospira eligens strain=BIOML-A1, ASM968045v1	GCF_009680455.1	39485	Microbe:645959
206629	GCF_009680455.1 Lachnospira eligens strain=BIOML-A1, ASM968045v1	GCF_009680455.1	39485	Microbe:645960
206629	GCF_009680455.1 Lachnospira eligens strain=BIOML-A1, ASM968045v1	GCF_009680455.1	39485	Microbe:645961
206629	GCF_009680455.1 Lachnospira eligens strain=BIOML-A1, ASM968045v1	GCF_009680455.1	39485	Microbe:645962
206629	GCF_009680455.1 Lachnospira eligens strain=BIOML-A1, ASM968045v1	GCF_009680455.1	39485	Microbe:645963
206629	GCF_009680455.1 Lachnospira eligens strain=BIOML-A1, ASM968045v1	GCF_009680455.1	39485	Microbe:645966
206629	GCF_009680455.1 Lachnospira eligens strain=BIOML-A1, ASM968045v1	GCF_009680455.1	39485	Microbe:645967
206629	GCF_009680455.1 Lachnospira eligens strain=BIOML-A1, ASM968045v1	GCF_009680455.1	39485	Microbe:645969
206629	GCF_009680455.1 Lachnospira eligens strain=BIOML-A1, ASM968045v1	GCF_009680455.1	39485	Microbe:645970
206629	GCF_009680455.1 Lachnospira eligens strain=BIOML-A1, ASM968045v1	GCF_009680455.1	39485	Microbe:645972
206629	GCF_009680455.1 Lachnospira eligens strain=BIOML-A1, ASM968045v1	GCF_009680455.1	39485	Microbe:645973
206629	GCF_009680455.1 Lachnospira eligens strain=BIOML-A1, ASM968045v1	GCF_009680455.1	39485	Microbe:645976
206629	GCF_009680455.1 Lachnospira eligens strain=BIOML-A1, ASM968045v1	GCF_009680455.1	39485	Microbe:645977
206629	GCF_009680455.1 Lachnospira eligens strain=BIOML-A1, ASM968045v1	GCF_009680455.1	39485	Microbe:645979
206629	GCF_009680455.1 Lachnospira eligens strain=BIOML-A1, ASM968045v1	GCF_009680455.1	39485	Microbe:684880
206629	GCF_009680455.1 Lachnospira eligens strain=BIOML-A1, ASM968045v1	GCF_009680455.1	39485	Microbe:693970
206629	GCF_009680455.1 Lachnospira eligens strain=BIOML-A1, ASM968045v1	GCF_009680455.1	39485	Microbe:693977
206629	GCF_009680455.1 Lachnospira eligens strain=BIOML-A1, ASM968045v1	GCF_009680455.1	39485	Microbe:720775
206629	GCF_009680455.1 Lachnospira eligens strain=BIOML-A1, ASM968045v1	GCF_009680455.1	39485	Microbe:720777
206629	GCF_009680455.1 Lachnospira eligens strain=BIOML-A1, ASM968045v1	GCF_009680455.1	39485	Microbe:720781
206572	GCF_000163895.2 Filifactor alocis ATCC 35896 strain=ATCC 35896, ASM16389v2	GCF_000163895.2	546269	Microbe:798169
206572	GCF_000973505.1 Blochmannia endosymbiont of Polyrhachis (Hedomyrma) turneri strain=675, ASM97350v1	GCF_000973505.1	1505596	Microbe:859089
206572	GCF_000163895.2 Filifactor alocis ATCC 35896 strain=ATCC 35896, ASM16389v2	GCF_000163895.2	546269	Microbe:798169
206572	GCF_000973505.1 Blochmannia endosymbiont of Polyrhachis (Hedomyrma) turneri strain=675, ASM97350v1	GCF_000973505.1	1505596	Microbe:859089
206572	GCF_020268605.1 Arsenophonus endosymbiont of Apis mellifera strain=ArsBeeUS, ASM2026860v1	GCF_020268605.1	2879119	Microbe:803464
206572	GCF_020268605.1 Arsenophonus endosymbiont of Apis mellifera strain=ArsBeeUS, ASM2026860v1	GCF_020268605.1	2879119	Microbe:803465
206572	GCF_020268605.1 Arsenophonus endosymbiont of Apis mellifera strain=ArsBeeUS, ASM2026860v1	GCF_020268605.1	2879119	Microbe:943022
206564	GCF_009680455.1 Lachnospira eligens strain=BIOML-A1, ASM968045v1	GCF_009680455.1	39485	Microbe:645922
206564	GCF_009680455.1 Lachnospira eligens strain=BIOML-A1, ASM968045v1	GCF_009680455.1	39485	Microbe:645923
206564	GCF_009680455.1 Lachnospira eligens strain=BIOML-A1, ASM968045v1	GCF_009680455.1	39485	Microbe:645924
206564	GCF_009680455.1 Lachnospira eligens strain=BIOML-A1, ASM968045v1	GCF_009680455.1	39485	Microbe:645926
206564	GCF_009680455.1 Lachnospira eligens strain=BIOML-A1, ASM968045v1	GCF_009680455.1	39485	Microbe:645927
206564	GCF_009680455.1 Lachnospira eligens strain=BIOML-A1, ASM968045v1	GCF_009680455.1	39485	Microbe:645929
206564	GCF_009680455.1 Lachnospira eligens strain=BIOML-A1, ASM968045v1	GCF_009680455.1	39485	Microbe:645936
206564	GCF_009680455.1 Lachnospira eligens strain=BIOML-A1, ASM968045v1	GCF_009680455.1	39485	Microbe:645937
206564	GCF_009680455.1 Lachnospira eligens strain=BIOML-A1, ASM968045v1	GCF_009680455.1	39485	Microbe:645938
206564	GCF_009680455.1 Lachnospira eligens strain=BIOML-A1, ASM968045v1	GCF_009680455.1	39485	Microbe:645939
206564	GCF_009680455.1 Lachnospira eligens strain=BIOML-A1, ASM968045v1	GCF_009680455.1	39485	Microbe:645941
206564	GCF_009680455.1 Lachnospira eligens strain=BIOML-A1, ASM968045v1	GCF_009680455.1	39485	Microbe:645942
206564	GCF_009680455.1 Lachnospira eligens strain=BIOML-A1, ASM968045v1	GCF_009680455.1	39485	Microbe:645943
206564	GCF_009680455.1 Lachnospira eligens strain=BIOML-A1, ASM968045v1	GCF_009680455.1	39485	Microbe:645944
206564	GCF_009680455.1 Lachnospira eligens strain=BIOML-A1, ASM968045v1	GCF_009680455.1	39485	Microbe:645946
206564	GCF_009680455.1 Lachnospira eligens strain=BIOML-A1, ASM968045v1	GCF_009680455.1	39485	Microbe:645949
206564	GCF_009680455.1 Lachnospira eligens strain=BIOML-A1, ASM968045v1	GCF_009680455.1	39485	Microbe:645950
206564	GCF_009680455.1 Lachnospira eligens strain=BIOML-A1, ASM968045v1	GCF_009680455.1	39485	Microbe:645952
206564	GCF_009680455.1 Lachnospira eligens strain=BIOML-A1, ASM968045v1	GCF_009680455.1	39485	Microbe:645953
206564	GCF_009680455.1 Lachnospira eligens strain=BIOML-A1, ASM968045v1	GCF_009680455.1	39485	Microbe:645954
206564	GCF_009680455.1 Lachnospira eligens strain=BIOML-A1, ASM968045v1	GCF_009680455.1	39485	Microbe:645955
206564	GCF_009680455.1 Lachnospira eligens strain=BIOML-A1, ASM968045v1	GCF_009680455.1	39485	Microbe:645956
206564	GCF_009680455.1 Lachnospira eligens strain=BIOML-A1, ASM968045v1	GCF_009680455.1	39485	Microbe:645957
206564	GCF_009680455.1 Lachnospira eligens strain=BIOML-A1, ASM968045v1	GCF_009680455.1	39485	Microbe:645958
206564	GCF_009680455.1 Lachnospira eligens strain=BIOML-A1, ASM968045v1	GCF_009680455.1	39485	Microbe:645959
206564	GCF_009680455.1 Lachnospira eligens strain=BIOML-A1, ASM968045v1	GCF_009680455.1	39485	Microbe:645960
206564	GCF_009680455.1 Lachnospira eligens strain=BIOML-A1, ASM968045v1	GCF_009680455.1	39485	Microbe:645961
206564	GCF_009680455.1 Lachnospira eligens strain=BIOML-A1, ASM968045v1	GCF_009680455.1	39485	Microbe:645962
206564	GCF_009680455.1 Lachnospira eligens strain=BIOML-A1, ASM968045v1	GCF_009680455.1	39485	Microbe:645963
206564	GCF_009680455.1 Lachnospira eligens strain=BIOML-A1, ASM968045v1	GCF_009680455.1	39485	Microbe:645966
206564	GCF_009680455.1 Lachnospira eligens strain=BIOML-A1, ASM968045v1	GCF_009680455.1	39485	Microbe:645967
206564	GCF_009680455.1 Lachnospira eligens strain=BIOML-A1, ASM968045v1	GCF_009680455.1	39485	Microbe:645969
206564	GCF_009680455.1 Lachnospira eligens strain=BIOML-A1, ASM968045v1	GCF_009680455.1	39485	Microbe:645970
206564	GCF_009680455.1 Lachnospira eligens strain=BIOML-A1, ASM968045v1	GCF_009680455.1	39485	Microbe:645972
206564	GCF_009680455.1 Lachnospira eligens strain=BIOML-A1, ASM968045v1	GCF_009680455.1	39485	Microbe:645973
206564	GCF_009680455.1 Lachnospira eligens strain=BIOML-A1, ASM968045v1	GCF_009680455.1	39485	Microbe:645976
206564	GCF_009680455.1 Lachnospira eligens strain=BIOML-A1, ASM968045v1	GCF_009680455.1	39485	Microbe:645977
206564	GCF_009680455.1 Lachnospira eligens strain=BIOML-A1, ASM968045v1	GCF_009680455.1	39485	Microbe:645979
206564	GCF_009680455.1 Lachnospira eligens strain=BIOML-A1, ASM968045v1	GCF_009680455.1	39485	Microbe:684880
206564	GCF_009680455.1 Lachnospira eligens strain=BIOML-A1, ASM968045v1	GCF_009680455.1	39485	Microbe:693970
206564	GCF_009680455.1 Lachnospira eligens strain=BIOML-A1, ASM968045v1	GCF_009680455.1	39485	Microbe:693977
206564	GCF_009680455.1 Lachnospira eligens strain=BIOML-A1, ASM968045v1	GCF_009680455.1	39485	Microbe:720775
206564	GCF_009680455.1 Lachnospira eligens strain=BIOML-A1, ASM968045v1	GCF_009680455.1	39485	Microbe:720777
206564	GCF_009680455.1 Lachnospira eligens strain=BIOML-A1, ASM968045v1	GCF_009680455.1	39485	Microbe:720781
206564	GCF_000686125.1 Ruminococcus sp. NK3A76 strain=NK3A76, ASM68612v1	GCF_000686125.1	877411	Microbe:838708
206571	GCF_000973505.1 Blochmannia endosymbiont of Polyrhachis (Hedomyrma) turneri strain=675, ASM97350v1	GCF_000973505.1	1505596	Microbe:859089
206571	GCF_000157995.1 Holdemania filiformis DSM 12042 strain=DSM 12042, ASM15799v1	GCF_000157995.1	545696	Microbe:717750
206571	GCF_000973505.1 Blochmannia endosymbiont of Polyrhachis (Hedomyrma) turneri strain=675, ASM97350v1	GCF_000973505.1	1505596	Microbe:859089
206604	GCF_000163895.2 Filifactor alocis ATCC 35896 strain=ATCC 35896, ASM16389v2	GCF_000163895.2	546269	Microbe:798169
206604	GCF_000973505.1 Blochmannia endosymbiont of Polyrhachis (Hedomyrma) turneri strain=675, ASM97350v1	GCF_000973505.1	1505596	Microbe:859089
206604	GCF_000163895.2 Filifactor alocis ATCC 35896 strain=ATCC 35896, ASM16389v2	GCF_000163895.2	546269	Microbe:798169
206604	GCF_000157995.1 Holdemania filiformis DSM 12042 strain=DSM 12042, ASM15799v1	GCF_000157995.1	545696	Microbe:717750
206604	GCF_000973505.1 Blochmannia endosymbiont of Polyrhachis (Hedomyrma) turneri strain=675, ASM97350v1	GCF_000973505.1	1505596	Microbe:859089
206604	GCF_009680455.1 Lachnospira eligens strain=BIOML-A1, ASM968045v1	GCF_009680455.1	39485	Microbe:645922
206604	GCF_009680455.1 Lachnospira eligens strain=BIOML-A1, ASM968045v1	GCF_009680455.1	39485	Microbe:645923
206604	GCF_009680455.1 Lachnospira eligens strain=BIOML-A1, ASM968045v1	GCF_009680455.1	39485	Microbe:645924
206604	GCF_009680455.1 Lachnospira eligens strain=BIOML-A1, ASM968045v1	GCF_009680455.1	39485	Microbe:645926
206604	GCF_009680455.1 Lachnospira eligens strain=BIOML-A1, ASM968045v1	GCF_009680455.1	39485	Microbe:645927
206604	GCF_009680455.1 Lachnospira eligens strain=BIOML-A1, ASM968045v1	GCF_009680455.1	39485	Microbe:645929
206604	GCF_009680455.1 Lachnospira eligens strain=BIOML-A1, ASM968045v1	GCF_009680455.1	39485	Microbe:645936
206604	GCF_009680455.1 Lachnospira eligens strain=BIOML-A1, ASM968045v1	GCF_009680455.1	39485	Microbe:645937
206604	GCF_009680455.1 Lachnospira eligens strain=BIOML-A1, ASM968045v1	GCF_009680455.1	39485	Microbe:645938
206604	GCF_009680455.1 Lachnospira eligens strain=BIOML-A1, ASM968045v1	GCF_009680455.1	39485	Microbe:645939
206604	GCF_009680455.1 Lachnospira eligens strain=BIOML-A1, ASM968045v1	GCF_009680455.1	39485	Microbe:645941
206604	GCF_009680455.1 Lachnospira eligens strain=BIOML-A1, ASM968045v1	GCF_009680455.1	39485	Microbe:645942
206604	GCF_009680455.1 Lachnospira eligens strain=BIOML-A1, ASM968045v1	GCF_009680455.1	39485	Microbe:645943
206604	GCF_009680455.1 Lachnospira eligens strain=BIOML-A1, ASM968045v1	GCF_009680455.1	39485	Microbe:645944
206604	GCF_009680455.1 Lachnospira eligens strain=BIOML-A1, ASM968045v1	GCF_009680455.1	39485	Microbe:645946
206604	GCF_009680455.1 Lachnospira eligens strain=BIOML-A1, ASM968045v1	GCF_009680455.1	39485	Microbe:645949
206604	GCF_009680455.1 Lachnospira eligens strain=BIOML-A1, ASM968045v1	GCF_009680455.1	39485	Microbe:645950
206604	GCF_009680455.1 Lachnospira eligens strain=BIOML-A1, ASM968045v1	GCF_009680455.1	39485	Microbe:645952
206604	GCF_009680455.1 Lachnospira eligens strain=BIOML-A1, ASM968045v1	GCF_009680455.1	39485	Microbe:645953
206604	GCF_009680455.1 Lachnospira eligens strain=BIOML-A1, ASM968045v1	GCF_009680455.1	39485	Microbe:645954
206604	GCF_009680455.1 Lachnospira eligens strain=BIOML-A1, ASM968045v1	GCF_009680455.1	39485	Microbe:645955
206604	GCF_009680455.1 Lachnospira eligens strain=BIOML-A1, ASM968045v1	GCF_009680455.1	39485	Microbe:645956
206604	GCF_009680455.1 Lachnospira eligens strain=BIOML-A1, ASM968045v1	GCF_009680455.1	39485	Microbe:645957
206604	GCF_009680455.1 Lachnospira eligens strain=BIOML-A1, ASM968045v1	GCF_009680455.1	39485	Microbe:645958
206604	GCF_009680455.1 Lachnospira eligens strain=BIOML-A1, ASM968045v1	GCF_009680455.1	39485	Microbe:645959
206604	GCF_009680455.1 Lachnospira eligens strain=BIOML-A1, ASM968045v1	GCF_009680455.1	39485	Microbe:645960
206604	GCF_009680455.1 Lachnospira eligens strain=BIOML-A1, ASM968045v1	GCF_009680455.1	39485	Microbe:645961
206604	GCF_009680455.1 Lachnospira eligens strain=BIOML-A1, ASM968045v1	GCF_009680455.1	39485	Microbe:645962
206604	GCF_009680455.1 Lachnospira eligens strain=BIOML-A1, ASM968045v1	GCF_009680455.1	39485	Microbe:645963
206604	GCF_009680455.1 Lachnospira eligens strain=BIOML-A1, ASM968045v1	GCF_009680455.1	39485	Microbe:645966
206604	GCF_009680455.1 Lachnospira eligens strain=BIOML-A1, ASM968045v1	GCF_009680455.1	39485	Microbe:645967
206604	GCF_009680455.1 Lachnospira eligens strain=BIOML-A1, ASM968045v1	GCF_009680455.1	39485	Microbe:645969
206604	GCF_009680455.1 Lachnospira eligens strain=BIOML-A1, ASM968045v1	GCF_009680455.1	39485	Microbe:645970
206604	GCF_009680455.1 Lachnospira eligens strain=BIOML-A1, ASM968045v1	GCF_009680455.1	39485	Microbe:645972
206604	GCF_009680455.1 Lachnospira eligens strain=BIOML-A1, ASM968045v1	GCF_009680455.1	39485	Microbe:645973
206604	GCF_009680455.1 Lachnospira eligens strain=BIOML-A1, ASM968045v1	GCF_009680455.1	39485	Microbe:645976
206604	GCF_009680455.1 Lachnospira eligens strain=BIOML-A1, ASM968045v1	GCF_009680455.1	39485	Microbe:645977
206604	GCF_009680455.1 Lachnospira eligens strain=BIOML-A1, ASM968045v1	GCF_009680455.1	39485	Microbe:645979
206604	GCF_009680455.1 Lachnospira eligens strain=BIOML-A1, ASM968045v1	GCF_009680455.1	39485	Microbe:684880
206604	GCF_009680455.1 Lachnospira eligens strain=BIOML-A1, ASM968045v1	GCF_009680455.1	39485	Microbe:693970
206604	GCF_009680455.1 Lachnospira eligens strain=BIOML-A1, ASM968045v1	GCF_009680455.1	39485	Microbe:693977
206604	GCF_009680455.1 Lachnospira eligens strain=BIOML-A1, ASM968045v1	GCF_009680455.1	39485	Microbe:720775
206604	GCF_009680455.1 Lachnospira eligens strain=BIOML-A1, ASM968045v1	GCF_009680455.1	39485	Microbe:720777
206604	GCF_009680455.1 Lachnospira eligens strain=BIOML-A1, ASM968045v1	GCF_009680455.1	39485	Microbe:720781
206604	GCF_900291955.1 Pseudoruminoccoccus massiliensis strain=Marseille-P3876, PRJEB24956	GCF_900291955.1	2086583	Microbe:683133
206604	GCF_900291955.1 Pseudoruminoccoccus massiliensis strain=Marseille-P3876, PRJEB24956	GCF_900291955.1	2086583	Microbe:683142
206604	GCF_000686125.1 Ruminococcus sp. NK3A76 strain=NK3A76, ASM68612v1	GCF_000686125.1	877411	Microbe:838708
206536	GCF_000162875.1 Slackia exigua ATCC 700122 strain=ATCC 700122, ASM16287v1	GCF_000162875.1	649764	Microbe:731586
206536	GCF_000973505.1 Blochmannia endosymbiont of Polyrhachis (Hedomyrma) turneri strain=675, ASM97350v1	GCF_000973505.1	1505596	Microbe:859089
206536	GCF_000162875.1 Slackia exigua ATCC 700122 strain=ATCC 700122, ASM16287v1	GCF_000162875.1	649764	Microbe:731586
206536	GCF_000973505.1 Blochmannia endosymbiont of Polyrhachis (Hedomyrma) turneri strain=675, ASM97350v1	GCF_000973505.1	1505596	Microbe:859089
206536	GCF_014385435.1 Alloprevotella sp. Lung230 strain=Lung230, ASM1438543v1	GCF_014385435.1	2766595	Microbe:748781
206536	GCF_009680455.1 Lachnospira eligens strain=BIOML-A1, ASM968045v1	GCF_009680455.1	39485	Microbe:645922
206536	GCF_009680455.1 Lachnospira eligens strain=BIOML-A1, ASM968045v1	GCF_009680455.1	39485	Microbe:645923
206536	GCF_009680455.1 Lachnospira eligens strain=BIOML-A1, ASM968045v1	GCF_009680455.1	39485	Microbe:645924
206536	GCF_009680455.1 Lachnospira eligens strain=BIOML-A1, ASM968045v1	GCF_009680455.1	39485	Microbe:645926
206536	GCF_009680455.1 Lachnospira eligens strain=BIOML-A1, ASM968045v1	GCF_009680455.1	39485	Microbe:645927
206536	GCF_009680455.1 Lachnospira eligens strain=BIOML-A1, ASM968045v1	GCF_009680455.1	39485	Microbe:645929
206536	GCF_009680455.1 Lachnospira eligens strain=BIOML-A1, ASM968045v1	GCF_009680455.1	39485	Microbe:645936
206536	GCF_009680455.1 Lachnospira eligens strain=BIOML-A1, ASM968045v1	GCF_009680455.1	39485	Microbe:645937
206536	GCF_009680455.1 Lachnospira eligens strain=BIOML-A1, ASM968045v1	GCF_009680455.1	39485	Microbe:645938
206536	GCF_009680455.1 Lachnospira eligens strain=BIOML-A1, ASM968045v1	GCF_009680455.1	39485	Microbe:645939
206536	GCF_009680455.1 Lachnospira eligens strain=BIOML-A1, ASM968045v1	GCF_009680455.1	39485	Microbe:645941
206536	GCF_009680455.1 Lachnospira eligens strain=BIOML-A1, ASM968045v1	GCF_009680455.1	39485	Microbe:645942
206536	GCF_009680455.1 Lachnospira eligens strain=BIOML-A1, ASM968045v1	GCF_009680455.1	39485	Microbe:645943
206536	GCF_009680455.1 Lachnospira eligens strain=BIOML-A1, ASM968045v1	GCF_009680455.1	39485	Microbe:645944
206536	GCF_009680455.1 Lachnospira eligens strain=BIOML-A1, ASM968045v1	GCF_009680455.1	39485	Microbe:645946
206536	GCF_009680455.1 Lachnospira eligens strain=BIOML-A1, ASM968045v1	GCF_009680455.1	39485	Microbe:645949
206536	GCF_009680455.1 Lachnospira eligens strain=BIOML-A1, ASM968045v1	GCF_009680455.1	39485	Microbe:645950
206536	GCF_009680455.1 Lachnospira eligens strain=BIOML-A1, ASM968045v1	GCF_009680455.1	39485	Microbe:645952
206536	GCF_009680455.1 Lachnospira eligens strain=BIOML-A1, ASM968045v1	GCF_009680455.1	39485	Microbe:645953
206536	GCF_009680455.1 Lachnospira eligens strain=BIOML-A1, ASM968045v1	GCF_009680455.1	39485	Microbe:645954
206536	GCF_009680455.1 Lachnospira eligens strain=BIOML-A1, ASM968045v1	GCF_009680455.1	39485	Microbe:645955
206536	GCF_009680455.1 Lachnospira eligens strain=BIOML-A1, ASM968045v1	GCF_009680455.1	39485	Microbe:645956
206536	GCF_009680455.1 Lachnospira eligens strain=BIOML-A1, ASM968045v1	GCF_009680455.1	39485	Microbe:645957
206536	GCF_009680455.1 Lachnospira eligens strain=BIOML-A1, ASM968045v1	GCF_009680455.1	39485	Microbe:645958
206536	GCF_009680455.1 Lachnospira eligens strain=BIOML-A1, ASM968045v1	GCF_009680455.1	39485	Microbe:645959
206536	GCF_009680455.1 Lachnospira eligens strain=BIOML-A1, ASM968045v1	GCF_009680455.1	39485	Microbe:645960
206536	GCF_009680455.1 Lachnospira eligens strain=BIOML-A1, ASM968045v1	GCF_009680455.1	39485	Microbe:645961
206536	GCF_009680455.1 Lachnospira eligens strain=BIOML-A1, ASM968045v1	GCF_009680455.1	39485	Microbe:645962
206536	GCF_009680455.1 Lachnospira eligens strain=BIOML-A1, ASM968045v1	GCF_009680455.1	39485	Microbe:645963
206536	GCF_009680455.1 Lachnospira eligens strain=BIOML-A1, ASM968045v1	GCF_009680455.1	39485	Microbe:645966
206536	GCF_009680455.1 Lachnospira eligens strain=BIOML-A1, ASM968045v1	GCF_009680455.1	39485	Microbe:645967
206536	GCF_009680455.1 Lachnospira eligens strain=BIOML-A1, ASM968045v1	GCF_009680455.1	39485	Microbe:645969
206536	GCF_009680455.1 Lachnospira eligens strain=BIOML-A1, ASM968045v1	GCF_009680455.1	39485	Microbe:645970
206536	GCF_009680455.1 Lachnospira eligens strain=BIOML-A1, ASM968045v1	GCF_009680455.1	39485	Microbe:645972
206536	GCF_009680455.1 Lachnospira eligens strain=BIOML-A1, ASM968045v1	GCF_009680455.1	39485	Microbe:645973
206536	GCF_009680455.1 Lachnospira eligens strain=BIOML-A1, ASM968045v1	GCF_009680455.1	39485	Microbe:645976
206536	GCF_009680455.1 Lachnospira eligens strain=BIOML-A1, ASM968045v1	GCF_009680455.1	39485	Microbe:645977
206536	GCF_009680455.1 Lachnospira eligens strain=BIOML-A1, ASM968045v1	GCF_009680455.1	39485	Microbe:645979
206536	GCF_009680455.1 Lachnospira eligens strain=BIOML-A1, ASM968045v1	GCF_009680455.1	39485	Microbe:684880
206536	GCF_009680455.1 Lachnospira eligens strain=BIOML-A1, ASM968045v1	GCF_009680455.1	39485	Microbe:693970
206536	GCF_009680455.1 Lachnospira eligens strain=BIOML-A1, ASM968045v1	GCF_009680455.1	39485	Microbe:693977
206536	GCF_009680455.1 Lachnospira eligens strain=BIOML-A1, ASM968045v1	GCF_009680455.1	39485	Microbe:720775
206536	GCF_009680455.1 Lachnospira eligens strain=BIOML-A1, ASM968045v1	GCF_009680455.1	39485	Microbe:720777
206536	GCF_009680455.1 Lachnospira eligens strain=BIOML-A1, ASM968045v1	GCF_009680455.1	39485	Microbe:720781
206536	GCF_009455685.1 Paraburkholderia hayleyella strain=BhQS11, ASM945568v1	GCF_009455685.1	2152889	Microbe:906800
206536	GCF_009455685.1 Paraburkholderia hayleyella strain=BhQS11, ASM945568v1	GCF_009455685.1	2152889	Microbe:906801
206536	GCF_900106785.1 Prevotellamassilia timonensis strain=Marseille-P2831, PRJEB16531	GCF_900106785.1	1852370	Microbe:656620
206536	GCF_900106785.1 Prevotellamassilia timonensis strain=Marseille-P2831, PRJEB16531	GCF_900106785.1	1852370	Microbe:656645
206536	GCF_900106785.1 Prevotellamassilia timonensis strain=Marseille-P2831, PRJEB16531	GCF_900106785.1	1852370	Microbe:694007
206608	GCF_000163895.2 Filifactor alocis ATCC 35896 strain=ATCC 35896, ASM16389v2	GCF_000163895.2	546269	Microbe:798169
206608	GCF_000163895.2 Filifactor alocis ATCC 35896 strain=ATCC 35896, ASM16389v2	GCF_000163895.2	546269	Microbe:798169
206608	GCF_000157995.1 Holdemania filiformis DSM 12042 strain=DSM 12042, ASM15799v1	GCF_000157995.1	545696	Microbe:717750
206608	GCF_003460505.1 Eubacterium sp. AF36-5BH strain=AF36-5BH, ASM346050v1	GCF_003460505.1	2293108	Microbe:701203
206608	GCF_009680455.1 Lachnospira eligens strain=BIOML-A1, ASM968045v1	GCF_009680455.1	39485	Microbe:645922
206608	GCF_009680455.1 Lachnospira eligens strain=BIOML-A1, ASM968045v1	GCF_009680455.1	39485	Microbe:645923
206608	GCF_009680455.1 Lachnospira eligens strain=BIOML-A1, ASM968045v1	GCF_009680455.1	39485	Microbe:645924
206608	GCF_009680455.1 Lachnospira eligens strain=BIOML-A1, ASM968045v1	GCF_009680455.1	39485	Microbe:645926
206608	GCF_009680455.1 Lachnospira eligens strain=BIOML-A1, ASM968045v1	GCF_009680455.1	39485	Microbe:645927
206608	GCF_009680455.1 Lachnospira eligens strain=BIOML-A1, ASM968045v1	GCF_009680455.1	39485	Microbe:645929
206608	GCF_009680455.1 Lachnospira eligens strain=BIOML-A1, ASM968045v1	GCF_009680455.1	39485	Microbe:645936
206608	GCF_009680455.1 Lachnospira eligens strain=BIOML-A1, ASM968045v1	GCF_009680455.1	39485	Microbe:645937
206608	GCF_009680455.1 Lachnospira eligens strain=BIOML-A1, ASM968045v1	GCF_009680455.1	39485	Microbe:645938
206608	GCF_009680455.1 Lachnospira eligens strain=BIOML-A1, ASM968045v1	GCF_009680455.1	39485	Microbe:645939
206608	GCF_009680455.1 Lachnospira eligens strain=BIOML-A1, ASM968045v1	GCF_009680455.1	39485	Microbe:645941
206608	GCF_009680455.1 Lachnospira eligens strain=BIOML-A1, ASM968045v1	GCF_009680455.1	39485	Microbe:645942
206608	GCF_009680455.1 Lachnospira eligens strain=BIOML-A1, ASM968045v1	GCF_009680455.1	39485	Microbe:645943
206608	GCF_009680455.1 Lachnospira eligens strain=BIOML-A1, ASM968045v1	GCF_009680455.1	39485	Microbe:645944
206608	GCF_009680455.1 Lachnospira eligens strain=BIOML-A1, ASM968045v1	GCF_009680455.1	39485	Microbe:645946
206608	GCF_009680455.1 Lachnospira eligens strain=BIOML-A1, ASM968045v1	GCF_009680455.1	39485	Microbe:645949
206608	GCF_009680455.1 Lachnospira eligens strain=BIOML-A1, ASM968045v1	GCF_009680455.1	39485	Microbe:645950
206608	GCF_009680455.1 Lachnospira eligens strain=BIOML-A1, ASM968045v1	GCF_009680455.1	39485	Microbe:645952
206608	GCF_009680455.1 Lachnospira eligens strain=BIOML-A1, ASM968045v1	GCF_009680455.1	39485	Microbe:645953
206608	GCF_009680455.1 Lachnospira eligens strain=BIOML-A1, ASM968045v1	GCF_009680455.1	39485	Microbe:645954
206608	GCF_009680455.1 Lachnospira eligens strain=BIOML-A1, ASM968045v1	GCF_009680455.1	39485	Microbe:645955
206608	GCF_009680455.1 Lachnospira eligens strain=BIOML-A1, ASM968045v1	GCF_009680455.1	39485	Microbe:645956
206608	GCF_009680455.1 Lachnospira eligens strain=BIOML-A1, ASM968045v1	GCF_009680455.1	39485	Microbe:645957
206608	GCF_009680455.1 Lachnospira eligens strain=BIOML-A1, ASM968045v1	GCF_009680455.1	39485	Microbe:645958
206608	GCF_009680455.1 Lachnospira eligens strain=BIOML-A1, ASM968045v1	GCF_009680455.1	39485	Microbe:645959
206608	GCF_009680455.1 Lachnospira eligens strain=BIOML-A1, ASM968045v1	GCF_009680455.1	39485	Microbe:645960
206608	GCF_009680455.1 Lachnospira eligens strain=BIOML-A1, ASM968045v1	GCF_009680455.1	39485	Microbe:645961
206608	GCF_009680455.1 Lachnospira eligens strain=BIOML-A1, ASM968045v1	GCF_009680455.1	39485	Microbe:645962
206608	GCF_009680455.1 Lachnospira eligens strain=BIOML-A1, ASM968045v1	GCF_009680455.1	39485	Microbe:645963
206608	GCF_009680455.1 Lachnospira eligens strain=BIOML-A1, ASM968045v1	GCF_009680455.1	39485	Microbe:645966
206608	GCF_009680455.1 Lachnospira eligens strain=BIOML-A1, ASM968045v1	GCF_009680455.1	39485	Microbe:645967
206608	GCF_009680455.1 Lachnospira eligens strain=BIOML-A1, ASM968045v1	GCF_009680455.1	39485	Microbe:645969
206608	GCF_009680455.1 Lachnospira eligens strain=BIOML-A1, ASM968045v1	GCF_009680455.1	39485	Microbe:645970
206608	GCF_009680455.1 Lachnospira eligens strain=BIOML-A1, ASM968045v1	GCF_009680455.1	39485	Microbe:645972
206608	GCF_009680455.1 Lachnospira eligens strain=BIOML-A1, ASM968045v1	GCF_009680455.1	39485	Microbe:645973
206608	GCF_009680455.1 Lachnospira eligens strain=BIOML-A1, ASM968045v1	GCF_009680455.1	39485	Microbe:645976
206608	GCF_009680455.1 Lachnospira eligens strain=BIOML-A1, ASM968045v1	GCF_009680455.1	39485	Microbe:645977
206608	GCF_009680455.1 Lachnospira eligens strain=BIOML-A1, ASM968045v1	GCF_009680455.1	39485	Microbe:645979
206608	GCF_009680455.1 Lachnospira eligens strain=BIOML-A1, ASM968045v1	GCF_009680455.1	39485	Microbe:684880
206608	GCF_009680455.1 Lachnospira eligens strain=BIOML-A1, ASM968045v1	GCF_009680455.1	39485	Microbe:693970
206608	GCF_009680455.1 Lachnospira eligens strain=BIOML-A1, ASM968045v1	GCF_009680455.1	39485	Microbe:693977
206608	GCF_009680455.1 Lachnospira eligens strain=BIOML-A1, ASM968045v1	GCF_009680455.1	39485	Microbe:720775
206608	GCF_009680455.1 Lachnospira eligens strain=BIOML-A1, ASM968045v1	GCF_009680455.1	39485	Microbe:720777
206608	GCF_009680455.1 Lachnospira eligens strain=BIOML-A1, ASM968045v1	GCF_009680455.1	39485	Microbe:720781
206608	GCF_000686125.1 Ruminococcus sp. NK3A76 strain=NK3A76, ASM68612v1	GCF_000686125.1	877411	Microbe:838708
206561	GCF_000157995.1 Holdemania filiformis DSM 12042 strain=DSM 12042, ASM15799v1	GCF_000157995.1	545696	Microbe:717750
206561	GCF_014385435.1 Alloprevotella sp. Lung230 strain=Lung230, ASM1438543v1	GCF_014385435.1	2766595	Microbe:748781
206561	GCF_009680455.1 Lachnospira eligens strain=BIOML-A1, ASM968045v1	GCF_009680455.1	39485	Microbe:645922
206561	GCF_009680455.1 Lachnospira eligens strain=BIOML-A1, ASM968045v1	GCF_009680455.1	39485	Microbe:645923
206561	GCF_009680455.1 Lachnospira eligens strain=BIOML-A1, ASM968045v1	GCF_009680455.1	39485	Microbe:645924
206561	GCF_009680455.1 Lachnospira eligens strain=BIOML-A1, ASM968045v1	GCF_009680455.1	39485	Microbe:645926
206561	GCF_009680455.1 Lachnospira eligens strain=BIOML-A1, ASM968045v1	GCF_009680455.1	39485	Microbe:645927
206561	GCF_009680455.1 Lachnospira eligens strain=BIOML-A1, ASM968045v1	GCF_009680455.1	39485	Microbe:645929
206561	GCF_009680455.1 Lachnospira eligens strain=BIOML-A1, ASM968045v1	GCF_009680455.1	39485	Microbe:645936
206561	GCF_009680455.1 Lachnospira eligens strain=BIOML-A1, ASM968045v1	GCF_009680455.1	39485	Microbe:645937
206561	GCF_009680455.1 Lachnospira eligens strain=BIOML-A1, ASM968045v1	GCF_009680455.1	39485	Microbe:645938
206561	GCF_009680455.1 Lachnospira eligens strain=BIOML-A1, ASM968045v1	GCF_009680455.1	39485	Microbe:645939
206561	GCF_009680455.1 Lachnospira eligens strain=BIOML-A1, ASM968045v1	GCF_009680455.1	39485	Microbe:645941
206561	GCF_009680455.1 Lachnospira eligens strain=BIOML-A1, ASM968045v1	GCF_009680455.1	39485	Microbe:645942
206561	GCF_009680455.1 Lachnospira eligens strain=BIOML-A1, ASM968045v1	GCF_009680455.1	39485	Microbe:645943
206561	GCF_009680455.1 Lachnospira eligens strain=BIOML-A1, ASM968045v1	GCF_009680455.1	39485	Microbe:645944
206561	GCF_009680455.1 Lachnospira eligens strain=BIOML-A1, ASM968045v1	GCF_009680455.1	39485	Microbe:645946
206561	GCF_009680455.1 Lachnospira eligens strain=BIOML-A1, ASM968045v1	GCF_009680455.1	39485	Microbe:645949
206561	GCF_009680455.1 Lachnospira eligens strain=BIOML-A1, ASM968045v1	GCF_009680455.1	39485	Microbe:645950
206561	GCF_009680455.1 Lachnospira eligens strain=BIOML-A1, ASM968045v1	GCF_009680455.1	39485	Microbe:645952
206561	GCF_009680455.1 Lachnospira eligens strain=BIOML-A1, ASM968045v1	GCF_009680455.1	39485	Microbe:645953
206561	GCF_009680455.1 Lachnospira eligens strain=BIOML-A1, ASM968045v1	GCF_009680455.1	39485	Microbe:645954
206561	GCF_009680455.1 Lachnospira eligens strain=BIOML-A1, ASM968045v1	GCF_009680455.1	39485	Microbe:645955
206561	GCF_009680455.1 Lachnospira eligens strain=BIOML-A1, ASM968045v1	GCF_009680455.1	39485	Microbe:645956
206561	GCF_009680455.1 Lachnospira eligens strain=BIOML-A1, ASM968045v1	GCF_009680455.1	39485	Microbe:645957
206561	GCF_009680455.1 Lachnospira eligens strain=BIOML-A1, ASM968045v1	GCF_009680455.1	39485	Microbe:645958
206561	GCF_009680455.1 Lachnospira eligens strain=BIOML-A1, ASM968045v1	GCF_009680455.1	39485	Microbe:645959
206561	GCF_009680455.1 Lachnospira eligens strain=BIOML-A1, ASM968045v1	GCF_009680455.1	39485	Microbe:645960
206561	GCF_009680455.1 Lachnospira eligens strain=BIOML-A1, ASM968045v1	GCF_009680455.1	39485	Microbe:645961
206561	GCF_009680455.1 Lachnospira eligens strain=BIOML-A1, ASM968045v1	GCF_009680455.1	39485	Microbe:645962
206561	GCF_009680455.1 Lachnospira eligens strain=BIOML-A1, ASM968045v1	GCF_009680455.1	39485	Microbe:645963
206561	GCF_009680455.1 Lachnospira eligens strain=BIOML-A1, ASM968045v1	GCF_009680455.1	39485	Microbe:645966
206561	GCF_009680455.1 Lachnospira eligens strain=BIOML-A1, ASM968045v1	GCF_009680455.1	39485	Microbe:645967
206561	GCF_009680455.1 Lachnospira eligens strain=BIOML-A1, ASM968045v1	GCF_009680455.1	39485	Microbe:645969
206561	GCF_009680455.1 Lachnospira eligens strain=BIOML-A1, ASM968045v1	GCF_009680455.1	39485	Microbe:645970
206561	GCF_009680455.1 Lachnospira eligens strain=BIOML-A1, ASM968045v1	GCF_009680455.1	39485	Microbe:645972
206561	GCF_009680455.1 Lachnospira eligens strain=BIOML-A1, ASM968045v1	GCF_009680455.1	39485	Microbe:645973
206561	GCF_009680455.1 Lachnospira eligens strain=BIOML-A1, ASM968045v1	GCF_009680455.1	39485	Microbe:645976
206561	GCF_009680455.1 Lachnospira eligens strain=BIOML-A1, ASM968045v1	GCF_009680455.1	39485	Microbe:645977
206561	GCF_009680455.1 Lachnospira eligens strain=BIOML-A1, ASM968045v1	GCF_009680455.1	39485	Microbe:645979
206561	GCF_009680455.1 Lachnospira eligens strain=BIOML-A1, ASM968045v1	GCF_009680455.1	39485	Microbe:684880
206561	GCF_009680455.1 Lachnospira eligens strain=BIOML-A1, ASM968045v1	GCF_009680455.1	39485	Microbe:693970
206561	GCF_009680455.1 Lachnospira eligens strain=BIOML-A1, ASM968045v1	GCF_009680455.1	39485	Microbe:693977
206561	GCF_009680455.1 Lachnospira eligens strain=BIOML-A1, ASM968045v1	GCF_009680455.1	39485	Microbe:720775
206561	GCF_009680455.1 Lachnospira eligens strain=BIOML-A1, ASM968045v1	GCF_009680455.1	39485	Microbe:720777
206561	GCF_009680455.1 Lachnospira eligens strain=BIOML-A1, ASM968045v1	GCF_009680455.1	39485	Microbe:720781
206614	GCF_000163895.2 Filifactor alocis ATCC 35896 strain=ATCC 35896, ASM16389v2	GCF_000163895.2	546269	Microbe:798169
206614	GCF_000163895.2 Filifactor alocis ATCC 35896 strain=ATCC 35896, ASM16389v2	GCF_000163895.2	546269	Microbe:798169
